image_id,color_deviation
ISIC_0000000,40.69537755790452
ISIC_0000001,28.082533688948175
ISIC_0000002,36.02526690632421
ISIC_0000003,36.8888461573195
ISIC_0000004,41.52533385752837
ISIC_0000006,33.79741443271664
ISIC_0000007,31.3880949059846
ISIC_0000008,37.227906513280146
ISIC_0000009,30.605252239965555
ISIC_0000010,33.21850856615844
ISIC_0000011,31.0748575547121
ISIC_0000012,27.168883794535436
ISIC_0000013,40.17151524492647
ISIC_0000014,27.18829088175593
ISIC_0000015,39.145974591297964
ISIC_0000016,37.35419385153063
ISIC_0000017,32.05593658176589
ISIC_0000018,28.0682098840951
ISIC_0000019,37.83391557477997
ISIC_0000020,37.11838124858526
ISIC_0000021,27.897134611922166
ISIC_0000022,34.5395382261865
ISIC_0000023,25.810249725978853
ISIC_0000024,21.786445988205887
ISIC_0000025,28.432045737148595
ISIC_0000026,25.113672053182764
ISIC_0000027,29.166749036108254
ISIC_0000028,37.622834026300865
ISIC_0000029,33.28529783821367
ISIC_0000030,52.45564636208993
ISIC_0000031,45.123325209593276
ISIC_0000032,25.443105192225648
ISIC_0000034,28.937900174586588
ISIC_0000035,28.635180187589782
ISIC_0000036,48.36594400370481
ISIC_0000037,53.697148695540875
ISIC_0000038,51.71512240904635
ISIC_0000039,36.80035290446179
ISIC_0000040,30.862400661672762
ISIC_0000041,29.923945866361862
ISIC_0000042,45.83160035727877
ISIC_0000043,41.886346782701445
ISIC_0000044,38.51506374519713
ISIC_0000045,44.73006073630123
ISIC_0000046,28.958780038031705
ISIC_0000047,47.964247708894334
ISIC_0000048,39.35858639794983
ISIC_0000049,44.27747630007425
ISIC_0000050,27.80645960793294
ISIC_0000051,34.57717525799017
ISIC_0000052,39.539168044656485
ISIC_0000053,40.80564148141443
ISIC_0000054,30.15787691010803
ISIC_0000055,28.41192462316305
ISIC_0000056,29.41340163006994
ISIC_0000057,27.78861445532093
ISIC_0000059,46.26932856749884
ISIC_0000061,33.384297926564166
ISIC_0000062,31.571048537536257
ISIC_0000063,51.495015546736035
ISIC_0000064,31.171056315754708
ISIC_0000065,25.81594346775898
ISIC_0000066,54.647398854427486
ISIC_0000067,34.75487260929776
ISIC_0000068,35.75326147908589
ISIC_0000069,27.439513673108753
ISIC_0000071,24.866613959509014
ISIC_0000072,38.80839568493983
ISIC_0000073,37.38432460252762
ISIC_0000074,47.95312958088056
ISIC_0000075,27.064745523234766
ISIC_0000077,29.127902207656547
ISIC_0000078,30.81285931054549
ISIC_0000079,33.7045344389075
ISIC_0000080,35.601293327191534
ISIC_0000081,31.237022497438943
ISIC_0000082,38.1199805988855
ISIC_0000085,35.20905262361452
ISIC_0000086,29.03557921714115
ISIC_0000087,34.546954927848766
ISIC_0000088,41.88460720407499
ISIC_0000089,40.283633963209944
ISIC_0000091,23.173372612069713
ISIC_0000092,22.60251964175163
ISIC_0000093,24.998013878114246
ISIC_0000094,27.557232238515862
ISIC_0000095,37.49257818723465
ISIC_0000096,32.63285572187252
ISIC_0000097,30.519312940550606
ISIC_0000098,22.577201520732235
ISIC_0000099,33.07002803684324
ISIC_0000100,48.758607364830624
ISIC_0000101,25.28207741276361
ISIC_0000102,27.02215969744152
ISIC_0000103,44.53154994830984
ISIC_0000104,25.01957286301491
ISIC_0000105,34.131860219580425
ISIC_0000107,37.72334039906254
ISIC_0000108,35.94205963892995
ISIC_0000109,33.258024499821936
ISIC_0000110,27.389880997745205
ISIC_0000111,53.685350848372025
ISIC_0000112,29.064458063292808
ISIC_0000113,21.91281813862891
ISIC_0000116,31.945812124902663
ISIC_0000118,32.633418933282044
ISIC_0000119,36.767898790253376
ISIC_0000120,32.04596939867289
ISIC_0000121,18.0812960692046
ISIC_0000122,26.966678331428245
ISIC_0000123,31.562410377908623
ISIC_0000124,33.141218051674954
ISIC_0000125,26.28799647001316
ISIC_0000126,39.35680641286337
ISIC_0000127,29.48090640249393
ISIC_0000128,29.796865882945635
ISIC_0000129,31.685667200895235
ISIC_0000130,42.618309541469635
ISIC_0000131,30.790283321003344
ISIC_0000132,29.97686528222231
ISIC_0000133,30.79712826106199
ISIC_0000134,36.98357352159014
ISIC_0000135,43.65805234416744
ISIC_0000136,65.30824872922523
ISIC_0000137,28.461854969996633
ISIC_0000138,32.622029952426914
ISIC_0000139,33.01735433834626
ISIC_0000140,52.13638574867545
ISIC_0000141,36.903274889175236
ISIC_0000142,46.10952640985092
ISIC_0000143,41.67574171309037
ISIC_0000145,23.326324410094216
ISIC_0000146,41.38505213636643
ISIC_0000147,41.288350415302936
ISIC_0000148,37.467084030048476
ISIC_0000149,34.967495627931285
ISIC_0000150,38.71595489952217
ISIC_0000151,37.13353748943505
ISIC_0000152,31.758284257670965
ISIC_0000153,24.44802603790738
ISIC_0000154,27.754170902595394
ISIC_0000155,51.86412129993733
ISIC_0000156,39.64091259978069
ISIC_0000157,41.993765398430014
ISIC_0000159,61.235882775931735
ISIC_0000160,37.602986935325625
ISIC_0000161,58.51851833770771
ISIC_0000162,41.72130821903139
ISIC_0000163,59.36364854535785
ISIC_0000164,41.63730451985921
ISIC_0000165,49.7404430024226
ISIC_0000166,59.28468739462685
ISIC_0000167,56.49720695612965
ISIC_0000169,34.490505224842835
ISIC_0000171,48.35530266540383
ISIC_0000172,39.75036576452286
ISIC_0000174,44.8270387054207
ISIC_0000176,37.30937763953806
ISIC_0000177,36.570531805504054
ISIC_0000179,39.50570703159717
ISIC_0000181,40.700328760184675
ISIC_0000182,32.77048403350745
ISIC_0000184,40.463667680509595
ISIC_0000185,25.977027055175387
ISIC_0000186,37.684597865164
ISIC_0000188,27.00812019035642
ISIC_0000189,34.47450197358733
ISIC_0000190,48.88867317999154
ISIC_0000191,37.51476705436839
ISIC_0000192,45.050658745013294
ISIC_0000193,42.35568301874521
ISIC_0000196,53.79631091643703
ISIC_0000197,49.47844268984798
ISIC_0000198,18.994688371210753
ISIC_0000199,36.30412613873292
ISIC_0000201,45.71254048401939
ISIC_0000202,40.4820916682879
ISIC_0000203,39.294387271085775
ISIC_0000204,48.87191236611355
ISIC_0000205,46.402130295030815
ISIC_0000206,54.79636683008141
ISIC_0000207,34.06029629219574
ISIC_0000208,35.44808749726575
ISIC_0000209,40.696394916017795
ISIC_0000211,54.58571340606712
ISIC_0000212,50.90193277466728
ISIC_0000213,46.0825124690978
ISIC_0000214,53.42866670954188
ISIC_0000215,50.677721957323605
ISIC_0000216,38.236266362358876
ISIC_0000217,41.99341896699638
ISIC_0000218,53.56719950417851
ISIC_0000219,47.07248044817851
ISIC_0000220,58.64846152398311
ISIC_0000221,52.82297934542101
ISIC_0000222,37.71146826823249
ISIC_0000223,38.20157848205784
ISIC_0000224,43.98256111804731
ISIC_0000225,48.3061480800143
ISIC_0000226,51.45614697422807
ISIC_0000227,44.399297782341364
ISIC_0000229,46.182229600060644
ISIC_0000231,32.143616654357224
ISIC_0000232,38.656003786888895
ISIC_0000233,32.7497137868363
ISIC_0000234,43.09391621152016
ISIC_0000235,42.7928921398063
ISIC_0000236,41.64177537430356
ISIC_0000237,42.15635634930518
ISIC_0000239,58.886729050188215
ISIC_0000240,37.01027997773393
ISIC_0000242,36.42277420679472
ISIC_0000243,32.293658023014295
ISIC_0000244,30.871383211432867
ISIC_0000245,25.925492873429903
ISIC_0000246,29.61417328946794
ISIC_0000247,26.360987152333905
ISIC_0000250,33.59746917078184
ISIC_0000251,45.318888421903466
ISIC_0000252,33.74349613381877
ISIC_0000253,30.875365418703325
ISIC_0000254,38.17208503118391
ISIC_0000255,29.278607074880608
ISIC_0000256,31.237902716065232
ISIC_0000258,36.58615887664292
ISIC_0000259,20.838406762656337
ISIC_0000260,28.106120618326866
ISIC_0000261,26.92039256750782
ISIC_0000262,33.18374048980726
ISIC_0000263,63.22912694742743
ISIC_0000264,41.146951064604785
ISIC_0000265,29.66965936347546
ISIC_0000268,24.144364942095
ISIC_0000269,29.81068146770481
ISIC_0000274,49.615220029088924
ISIC_0000275,39.66334261477729
ISIC_0000276,49.03468469547632
ISIC_0000277,41.09785196806222
ISIC_0000278,27.035099199771704
ISIC_0000281,40.71247999803667
ISIC_0000282,30.47437615610656
ISIC_0000283,49.169191276504726
ISIC_0000285,33.55106067082402
ISIC_0000288,41.84915252695618
ISIC_0000289,53.207936536197586
ISIC_0000290,41.31932730713391
ISIC_0000292,32.92025235319051
ISIC_0000293,37.94781326711051
ISIC_0000294,32.97649737435692
ISIC_0000295,28.19321103089125
ISIC_0000297,39.78544929465387
ISIC_0000298,24.04311633036518
ISIC_0000299,30.389601698595726
ISIC_0000300,41.65502606242066
ISIC_0000301,22.336308001013155
ISIC_0000302,38.19235651071448
ISIC_0000303,32.00046355354481
ISIC_0000306,23.27009057103713
ISIC_0000307,34.310691107875705
ISIC_0000310,29.4298198554105
ISIC_0000311,35.55574037372491
ISIC_0000313,42.297957536122624
ISIC_0000314,39.41944415599385
ISIC_0000315,39.85251269867164
ISIC_0000316,43.13056920038023
ISIC_0000317,49.84004792223359
ISIC_0000319,36.04923239592245
ISIC_0000320,40.475695042340085
ISIC_0000321,35.18501615294555
ISIC_0000322,36.70092684033046
ISIC_0000323,41.775695796980926
ISIC_0000324,34.39042955100391
ISIC_0000325,43.71550308107774
ISIC_0000326,41.97098402217388
ISIC_0000327,42.78775808830455
ISIC_0000328,41.330921124092924
ISIC_0000329,42.09439655815148
ISIC_0000330,49.106623924509655
ISIC_0000331,32.525462007393955
ISIC_0000332,44.21644655664941
ISIC_0000336,37.7718097409479
ISIC_0000338,50.63846390964613
ISIC_0000340,39.30001490001794
ISIC_0000341,40.586042705836775
ISIC_0000342,46.49877143789242
ISIC_0000343,36.33031977753013
ISIC_0000344,37.24216009554829
ISIC_0000345,41.47700882660012
ISIC_0000346,40.28789664469224
ISIC_0000347,40.07217713107663
ISIC_0000348,49.56745067728584
ISIC_0000349,37.37915976655068
ISIC_0000350,46.327992209256244
ISIC_0000351,43.10100181878613
ISIC_0000352,39.44972812736228
ISIC_0000353,36.32675982066262
ISIC_0000354,33.105444227591185
ISIC_0000355,41.01446253684963
ISIC_0000357,56.06411134251808
ISIC_0000358,39.505137439104644
ISIC_0000359,37.377114061540816
ISIC_0000360,32.99281950114637
ISIC_0000361,41.76446651579192
ISIC_0000363,52.79344983895785
ISIC_0000364,35.09866521608268
ISIC_0000365,46.270508839194825
ISIC_0000366,45.82234564349409
ISIC_0000367,55.026053687005856
ISIC_0000368,36.31973557003404
ISIC_0000369,32.246696345260546
ISIC_0000370,45.19239100910553
ISIC_0000371,46.026790850779854
ISIC_0000372,44.97924558291307
ISIC_0000374,48.39847000964099
ISIC_0000376,29.779474347134084
ISIC_0000377,40.90471079541805
ISIC_0000378,25.36197076575773
ISIC_0000379,34.52088043994525
ISIC_0000380,39.26717302724425
ISIC_0000381,41.52462525061764
ISIC_0000382,19.065182661991315
ISIC_0000383,27.5319014056012
ISIC_0000384,34.23549220923673
ISIC_0000385,33.85820304644198
ISIC_0000386,31.627538312936185
ISIC_0000387,27.613561491079206
ISIC_0000388,25.95978802785464
ISIC_0000390,50.83266566493081
ISIC_0000391,20.32550018401488
ISIC_0000392,21.151231155115525
ISIC_0000393,22.82705797971231
ISIC_0000395,23.676702257173975
ISIC_0000396,27.861738047501333
ISIC_0000397,26.562692468110754
ISIC_0000403,23.747605182596164
ISIC_0000407,20.190557079673017
ISIC_0000408,25.999458496975297
ISIC_0000409,37.232300321025924
ISIC_0000410,29.627105041087077
ISIC_0000412,26.41414946424911
ISIC_0000413,23.522583932352518
ISIC_0000415,31.371231479422978
ISIC_0000416,34.54033468967941
ISIC_0000418,31.588161083600312
ISIC_0000419,30.585720737699194
ISIC_0000420,37.5974607056433
ISIC_0000421,32.09079554940897
ISIC_0000423,27.665092839753395
ISIC_0000425,24.168588748525746
ISIC_0000426,50.43263689767397
ISIC_0000427,42.74511409460745
ISIC_0000431,38.45345202674604
ISIC_0000433,33.90937859128206
ISIC_0000434,35.35375866932256
ISIC_0000436,29.8372208918672
ISIC_0000439,41.367514796355316
ISIC_0000442,35.518084541957386
ISIC_0000443,30.191840652929773
ISIC_0000444,30.18044190236385
ISIC_0000445,33.75989236456369
ISIC_0000447,26.46667946313848
ISIC_0000448,33.704458460709155
ISIC_0000449,39.75497169616121
ISIC_0000451,40.152657999582196
ISIC_0000453,24.57473675770746
ISIC_0000455,25.823657809190696
ISIC_0000456,17.92365910976649
ISIC_0000457,30.13799707534095
ISIC_0000458,34.65205628489044
ISIC_0000460,30.88976396258074
ISIC_0000461,28.8666372459229
ISIC_0000463,40.30586070454648
ISIC_0000465,24.338580132531956
ISIC_0000466,34.39946751420483
ISIC_0000467,41.62746702883442
ISIC_0000468,23.152867498072016
ISIC_0000469,30.47574427402566
ISIC_0000470,38.986090828147574
ISIC_0000471,34.48669291156727
ISIC_0000473,25.398440127925323
ISIC_0000474,36.44735002346524
ISIC_0000475,42.67077147003439
ISIC_0000476,41.74165167560076
ISIC_0000478,23.91068696914029
ISIC_0000479,29.998663913825833
ISIC_0000480,39.89460336750815
ISIC_0000481,29.96306705012218
ISIC_0000482,34.61324332799967
ISIC_0000483,31.097348823851636
ISIC_0000484,36.48263936430224
ISIC_0000485,34.10275402928308
ISIC_0000486,33.80516963257993
ISIC_0000487,38.541871211810225
ISIC_0000488,26.831679450783103
ISIC_0000489,29.44842880278276
ISIC_0000490,27.98216616998015
ISIC_0000491,28.15778238708098
ISIC_0000492,27.922800122508217
ISIC_0000493,31.06220249609454
ISIC_0000494,32.06758403620965
ISIC_0000495,43.00421470305478
ISIC_0000496,34.84014863494391
ISIC_0000498,34.87234619962458
ISIC_0000499,44.92467558420734
ISIC_0000500,34.91776967046835
ISIC_0000501,25.599035115724792
ISIC_0000503,35.95514755518408
ISIC_0000504,22.757468222775795
ISIC_0000505,34.84876227348494
ISIC_0000506,32.124883157822524
ISIC_0000507,30.272527289833388
ISIC_0000508,38.37133330038473
ISIC_0000509,32.365791702512745
ISIC_0000510,35.89713436356845
ISIC_0000511,29.673563642886535
ISIC_0000513,36.06411635962787
ISIC_0000514,38.147361323459414
ISIC_0000515,36.8248003866806
ISIC_0000516,41.62805286764722
ISIC_0000517,26.933251756139203
ISIC_0000518,34.65674208314114
ISIC_0000519,30.668144538738687
ISIC_0000520,27.1503117101058
ISIC_0000521,32.33830293733907
ISIC_0000522,36.632048063416526
ISIC_0000523,26.93880180288131
ISIC_0000524,41.179964266934945
ISIC_0000525,32.8933343710234
ISIC_0000527,37.96144466549179
ISIC_0000528,30.389777710571533
ISIC_0000529,32.855867689422325
ISIC_0000530,38.183093962931196
ISIC_0000531,28.729668271892567
ISIC_0000532,46.06485531566326
ISIC_0000533,38.23304588189296
ISIC_0000534,41.83030461577005
ISIC_0000535,40.76480306628914
ISIC_0000536,37.527924432666794
ISIC_0000538,47.06613993303358
ISIC_0000539,46.344124313434975
ISIC_0000540,26.872877063857757
ISIC_0000541,29.573373716349156
ISIC_0000542,33.5625026691357
ISIC_0000543,24.00194738170119
ISIC_0000544,29.657627372915886
ISIC_0000545,36.664221853324726
ISIC_0000546,33.19546554457133
ISIC_0000547,37.65647443339128
ISIC_0000548,31.49230784502998
ISIC_0000549,36.96810996565406
ISIC_0000550,35.90148788585537
ISIC_0000551,28.0759145252422
ISIC_0000552,37.74843669981814
ISIC_0000554,36.4579816263356
ISIC_0000555,33.28418330872116
ISIC_0000556,32.91197213317813
ISIC_0000882,21.886039715756393
ISIC_0000900,22.38996106904572
ISIC_0000999,25.646687530433294
ISIC_0001100,40.3020027163179
ISIC_0001102,33.980769962058666
ISIC_0001103,34.458923265010036
ISIC_0001105,30.075787689981087
ISIC_0001118,38.09427295179672
ISIC_0001119,34.863839102041595
ISIC_0001126,21.952492922995006
ISIC_0001128,33.51512258163222
ISIC_0001131,50.75211820620334
ISIC_0001133,32.64303886178591
ISIC_0001134,43.41806877961441
ISIC_0001140,46.114570429207106
ISIC_0001142,23.15946911873185
ISIC_0001148,30.989770780597492
ISIC_0001152,36.41247669035703
ISIC_0001960,27.420247212431637
ISIC_0002093,18.32368857862104
ISIC_0002107,26.525453300117235
ISIC_0002206,21.788846975797245
ISIC_0002246,24.51608156864937
ISIC_0002251,25.546403235444885
ISIC_0002287,26.911611016736515
ISIC_0002353,26.592604266088973
ISIC_0002374,26.36436865947074
ISIC_0002438,29.097560592796825
ISIC_0002439,28.772378843375083
ISIC_0002453,32.52442864723483
ISIC_0002459,27.368106337304685
ISIC_0002469,27.94187748722089
ISIC_0002476,23.21499128684299
ISIC_0002488,25.430399109974584
ISIC_0002489,28.264997273318173
ISIC_0002616,23.716670002498983
ISIC_0002647,27.78322059411344
ISIC_0002673,35.0033125272714
ISIC_0002780,26.109135189064716
ISIC_0002806,21.360695625627798
ISIC_0002829,25.177035617257513
ISIC_0002836,25.073381633273485
ISIC_0002871,30.00122750720279
ISIC_0002879,36.487548273787944
ISIC_0002885,26.448711239369363
ISIC_0002948,34.3145946265846
ISIC_0002975,30.719431350466106
ISIC_0002976,27.07213396122195
ISIC_0003005,29.951232363803864
ISIC_0003051,31.605292327886474
ISIC_0003056,33.58304376749134
ISIC_0003174,28.94370732751435
ISIC_0003308,17.941928363669675
ISIC_0003346,21.98214111687638
ISIC_0003728,13.907319131017303
ISIC_0004110,32.53446175800109
ISIC_0004115,21.52296976114897
ISIC_0004166,24.395607801876924
ISIC_0004168,26.527761775209683
ISIC_0004309,25.92660541873802
ISIC_0004346,21.997661694664203
ISIC_0004715,23.765315129036775
ISIC_0004985,21.243148428817985
ISIC_0005000,24.084571969002237
ISIC_0005187,30.880645971774545
ISIC_0005548,24.107602249354112
ISIC_0005555,26.677738598197006
ISIC_0005620,28.252656043403345
ISIC_0005639,24.898169516624534
ISIC_0005666,20.59927436112379
ISIC_0005787,19.55427028821579
ISIC_0006021,20.034011567089575
ISIC_0006114,32.88671781619122
ISIC_0006193,26.817267387263623
ISIC_0006326,31.30545293717744
ISIC_0006350,23.569813656395315
ISIC_0006612,22.938959808276582
ISIC_0006711,40.24568613843574
ISIC_0006776,23.399357414243553
ISIC_0006795,20.113085846097473
ISIC_0006800,24.10682171921943
ISIC_0006940,21.28741681959218
ISIC_0006982,19.308681452401377
ISIC_0007038,23.46954170034705
ISIC_0007087,27.74687950622372
ISIC_0007322,25.77287255566411
ISIC_0007475,20.0082989141414
ISIC_0007557,25.212452666127945
ISIC_0007693,28.603804467159296
ISIC_0007760,19.50129489491272
ISIC_0008029,29.80498149981118
ISIC_0008116,19.901177908473056
ISIC_0008145,27.891060257266687
ISIC_0008207,25.104085521493904
ISIC_0008236,20.491577102932492
ISIC_0008256,25.51511045093117
ISIC_0008280,27.77974076121085
ISIC_0008294,23.87699218783561
ISIC_0008347,22.514373609354283
ISIC_0008396,26.7453696986523
ISIC_0008403,20.397147419682174
ISIC_0008406,30.439600488661227
ISIC_0008507,30.641538155658438
ISIC_0008528,23.023501590782473
ISIC_0008541,26.31277712602638
ISIC_0008552,23.958523998338737
ISIC_0008600,25.289441210914365
ISIC_0008626,27.938770835392436
ISIC_0008659,25.17301517623083
ISIC_0008785,22.272157449542522
ISIC_0008807,28.13807392281744
ISIC_0008879,30.781566643778234
ISIC_0008992,26.447252130285023
ISIC_0008993,25.565319461599
ISIC_0008998,25.368686534562812
ISIC_0009035,19.107231641749095
ISIC_0009078,36.44096817375598
ISIC_0009083,20.88074032811068
ISIC_0009160,27.12623644609044
ISIC_0009165,32.26101805376323
ISIC_0009188,24.197404137201854
ISIC_0009252,42.6429258782853
ISIC_0009297,27.79118244919663
ISIC_0009298,26.042643223789156
ISIC_0009344,27.100877694197532
ISIC_0009430,26.16137640634395
ISIC_0009504,24.676515842311133
ISIC_0009533,24.75402013903125
ISIC_0009564,27.356796878514
ISIC_0009583,24.616749416629332
ISIC_0009599,21.216970274761763
ISIC_0009758,19.65829288565295
ISIC_0009860,31.034122378350357
ISIC_0009868,41.31122510905739
ISIC_0009869,39.79707041992797
ISIC_0009870,40.538580684083506
ISIC_0009871,29.586180912995804
ISIC_0009872,38.05621420106464
ISIC_0009873,29.332573016662206
ISIC_0009874,58.251299300072255
ISIC_0009875,43.70008937376591
ISIC_0009877,41.67191894477429
ISIC_0009879,27.664448255960284
ISIC_0009880,54.652741242939896
ISIC_0009881,37.50066215939845
ISIC_0009882,38.91239148142968
ISIC_0009883,40.65070442421866
ISIC_0009884,34.84820862192122
ISIC_0009885,46.47049113936268
ISIC_0009888,40.63404256248961
ISIC_0009889,43.165029323358226
ISIC_0009891,29.206480475233914
ISIC_0009895,41.090599778802265
ISIC_0009896,47.55427023494522
ISIC_0009897,37.817632672100366
ISIC_0009898,49.6801721046773
ISIC_0009899,25.39918777336788
ISIC_0009901,37.394398940831
ISIC_0009902,35.28599687175912
ISIC_0009905,47.081259302143735
ISIC_0009906,23.48067256641588
ISIC_0009909,29.838185402179306
ISIC_0009910,54.2228746057537
ISIC_0009911,57.20858174646647
ISIC_0009912,36.82007378003577
ISIC_0009914,39.30753287679129
ISIC_0009915,41.231275667413385
ISIC_0009917,28.225991698371107
ISIC_0009918,38.291540324188865
ISIC_0009919,45.205717600213866
ISIC_0009920,35.082667567525846
ISIC_0009921,38.09966408792925
ISIC_0009923,36.38193358487419
ISIC_0009925,39.75376001029756
ISIC_0009929,49.939968103036726
ISIC_0009930,45.21635582010688
ISIC_0009931,36.30560499976602
ISIC_0009932,37.686635286498486
ISIC_0009933,50.0599686709366
ISIC_0009935,35.71199045606218
ISIC_0009936,36.39126334230654
ISIC_0009937,37.10801432225302
ISIC_0009938,30.22941783030767
ISIC_0009939,28.561822854349074
ISIC_0009940,29.0685281654427
ISIC_0009941,35.57218551403732
ISIC_0009942,31.264964414951383
ISIC_0009943,38.36689134239898
ISIC_0009945,29.33188515982677
ISIC_0009946,36.356876993859856
ISIC_0009947,35.537945041035094
ISIC_0009949,56.66899979419753
ISIC_0009950,39.9142581118632
ISIC_0009951,24.52032678070569
ISIC_0009953,42.24197984322216
ISIC_0009954,47.74532073890119
ISIC_0009955,47.77025461020131
ISIC_0009956,34.84417247248757
ISIC_0009958,42.68606752778379
ISIC_0009960,52.25290543141842
ISIC_0009961,29.001593277283806
ISIC_0009962,52.28196495073553
ISIC_0009963,35.09894600035535
ISIC_0009964,39.70580460673411
ISIC_0009965,28.543986629963758
ISIC_0009966,35.5986953219475
ISIC_0009967,28.042047523634114
ISIC_0009968,24.018942729534704
ISIC_0009969,38.39763040554979
ISIC_0009971,50.166119753169106
ISIC_0009972,42.900480132340164
ISIC_0009973,37.62403220649818
ISIC_0009974,45.25555238541684
ISIC_0009975,55.375846054209
ISIC_0009976,44.79995134821551
ISIC_0009977,35.03716846065203
ISIC_0009979,56.287338100408284
ISIC_0009981,38.36850923407487
ISIC_0009982,44.09633000651959
ISIC_0009987,52.582667344529
ISIC_0009991,38.83238344208254
ISIC_0009993,45.099639065312296
ISIC_0009994,28.499888627655817
ISIC_0009998,58.87828441571213
ISIC_0010000,28.111067525551444
ISIC_0010002,20.92394570177984
ISIC_0010003,44.31259808757567
ISIC_0010005,43.374019342996405
ISIC_0010006,44.06475746334133
ISIC_0010011,31.34244271127191
ISIC_0010013,59.81975007996663
ISIC_0010014,65.9879443528365
ISIC_0010015,28.451596139469927
ISIC_0010016,50.870503443003436
ISIC_0010017,42.386411268664034
ISIC_0010018,49.22414709653239
ISIC_0010019,33.7327684062068
ISIC_0010020,33.05814044776142
ISIC_0010021,48.377960155066184
ISIC_0010022,41.17847387247443
ISIC_0010024,41.25135458867393
ISIC_0010025,42.797926289943376
ISIC_0010028,35.73916921981154
ISIC_0010029,35.33393578143984
ISIC_0010032,35.97747763507124
ISIC_0010034,30.977137473227675
ISIC_0010036,25.116720059876204
ISIC_0010040,41.61214376296617
ISIC_0010042,29.664608597768364
ISIC_0010043,34.95815734678516
ISIC_0010044,29.207194483126614
ISIC_0010046,30.145642831567386
ISIC_0010047,25.436699304662
ISIC_0010051,20.54321841544102
ISIC_0010053,38.12609134769375
ISIC_0010054,26.085615597422215
ISIC_0010055,36.87682220321246
ISIC_0010057,21.84407799587756
ISIC_0010058,29.85128925173675
ISIC_0010059,34.8873361193841
ISIC_0010060,30.794600399936673
ISIC_0010061,48.8822644394562
ISIC_0010062,29.645398660022
ISIC_0010063,30.83319275354576
ISIC_0010064,39.44555232294373
ISIC_0010066,36.41186683315409
ISIC_0010067,44.1166567505688
ISIC_0010069,39.82136841121477
ISIC_0010070,61.49191384312359
ISIC_0010074,35.572147741672644
ISIC_0010075,31.84523603595886
ISIC_0010077,30.356926325371187
ISIC_0010078,48.91479666213963
ISIC_0010080,33.42479219857038
ISIC_0010081,30.176955080858306
ISIC_0010086,45.40592482604566
ISIC_0010087,48.41693406214802
ISIC_0010088,42.18005481034728
ISIC_0010089,37.75297433599972
ISIC_0010090,43.21976578922918
ISIC_0010092,37.275337004211416
ISIC_0010093,26.965415012141587
ISIC_0010094,39.376719503462716
ISIC_0010100,40.21124774410688
ISIC_0010102,37.65008272525462
ISIC_0010104,49.86083834386295
ISIC_0010105,51.374522128915636
ISIC_0010168,45.203177249345764
ISIC_0010170,44.82676710772978
ISIC_0010171,27.19443254182625
ISIC_0010173,32.09373360815592
ISIC_0010174,35.11384746099795
ISIC_0010176,40.64525277829237
ISIC_0010177,51.674104421632
ISIC_0010178,36.05757519202825
ISIC_0010180,33.717284051664045
ISIC_0010182,42.72808834388845
ISIC_0010184,45.01268352678722
ISIC_0010185,35.00354465757774
ISIC_0010186,31.718043625668386
ISIC_0010187,38.10438115266462
ISIC_0010191,35.75834799669003
ISIC_0010192,45.39591686802803
ISIC_0010193,26.64248534930877
ISIC_0010194,39.798648392210204
ISIC_0010201,35.01776830573288
ISIC_0010202,26.30538303475377
ISIC_0010205,49.10767964487562
ISIC_0010206,50.79822004307653
ISIC_0010207,35.810238333002786
ISIC_0010212,31.320750151629223
ISIC_0010213,43.23046902507838
ISIC_0010215,32.94186439574708
ISIC_0010216,45.30580140084569
ISIC_0010219,25.874169823444245
ISIC_0010220,48.16248052364026
ISIC_0010222,28.940988114472805
ISIC_0010225,31.0223103274441
ISIC_0010227,38.02449734062327
ISIC_0010229,33.15617291583541
ISIC_0010231,33.372488627855624
ISIC_0010233,24.812082794550804
ISIC_0010234,61.2022872631125
ISIC_0010236,43.68733773214954
ISIC_0010237,48.9271918774129
ISIC_0010240,31.201589866843875
ISIC_0010241,29.935336318678065
ISIC_0010244,44.09380899731624
ISIC_0010246,27.337950727404547
ISIC_0010247,47.68028776302139
ISIC_0010248,26.934219836712515
ISIC_0010249,36.74605758828772
ISIC_0010251,38.53210979413537
ISIC_0010254,37.82399300836025
ISIC_0010255,36.857676196306755
ISIC_0010256,35.068484673975824
ISIC_0010257,24.11572354539709
ISIC_0010261,36.2056081491981
ISIC_0010262,40.369006269926906
ISIC_0010264,29.143485798006363
ISIC_0010265,36.13450823583309
ISIC_0010267,31.6661612428681
ISIC_0010317,30.28656621472149
ISIC_0010318,35.862485180893344
ISIC_0010320,34.14358312856833
ISIC_0010326,30.08799590752309
ISIC_0010327,36.72460766521576
ISIC_0010329,39.81026202774174
ISIC_0010330,26.009798387011546
ISIC_0010332,36.784196161423175
ISIC_0010333,51.04776135930094
ISIC_0010334,40.02802660509636
ISIC_0010336,47.083348442405885
ISIC_0010337,46.94561534898017
ISIC_0010339,52.66761685368912
ISIC_0010340,29.463630248918918
ISIC_0010341,60.67793964927953
ISIC_0010342,45.99174793030992
ISIC_0010344,39.69332584138025
ISIC_0010346,40.58866688692583
ISIC_0010348,32.34372948787171
ISIC_0010350,39.93020436330821
ISIC_0010351,29.203656818742257
ISIC_0010356,36.15501650651748
ISIC_0010357,36.0509851799504
ISIC_0010358,44.337196006406664
ISIC_0010360,35.93412897868419
ISIC_0010362,55.23615486978644
ISIC_0010364,32.594517745779164
ISIC_0010365,44.0607490701725
ISIC_0010367,46.56719098421934
ISIC_0010368,35.46549773374499
ISIC_0010370,31.25922832872212
ISIC_0010371,35.709369238973785
ISIC_0010372,28.529757792238225
ISIC_0010374,32.37512337942845
ISIC_0010379,27.442441980817147
ISIC_0010382,25.039330775953857
ISIC_0010435,36.560125342651105
ISIC_0010441,25.41517525894963
ISIC_0010442,28.492953481287003
ISIC_0010443,36.69398997228161
ISIC_0010444,36.79570072232132
ISIC_0010447,21.903601239993765
ISIC_0010448,19.191444398095438
ISIC_0010449,25.654706935892506
ISIC_0010452,40.02598311656515
ISIC_0010455,38.352911495022596
ISIC_0010456,44.34156820002098
ISIC_0010458,25.734801103063848
ISIC_0010460,22.365415962636447
ISIC_0010461,39.02672161308427
ISIC_0010463,37.35700147337746
ISIC_0010465,42.24935289835534
ISIC_0010466,35.839357494951514
ISIC_0010467,42.502009439693204
ISIC_0010468,33.7125761089197
ISIC_0010471,44.34639482820459
ISIC_0010472,44.63737467683174
ISIC_0010473,31.454968183191568
ISIC_0010474,46.13341522008781
ISIC_0010475,32.09645208362157
ISIC_0010476,32.28386095255146
ISIC_0010477,26.842841955536173
ISIC_0010479,27.79901827006458
ISIC_0010480,47.311539652369824
ISIC_0010481,34.08211991868259
ISIC_0010483,45.85884884377193
ISIC_0010487,39.36644344653893
ISIC_0010488,25.458239796811
ISIC_0010490,29.63734766774117
ISIC_0010492,34.5843383694197
ISIC_0010493,40.03956633942334
ISIC_0010494,49.863683948630914
ISIC_0010497,28.637049364325055
ISIC_0010498,48.41945100250822
ISIC_0010552,30.2279333007081
ISIC_0010553,44.76027528740204
ISIC_0010554,46.708185065653424
ISIC_0010557,32.43949403447612
ISIC_0010558,31.1234290232792
ISIC_0010562,39.19358061830164
ISIC_0010565,26.32818746320199
ISIC_0010566,45.408908533397444
ISIC_0010567,41.297117445614255
ISIC_0010568,35.2090388589236
ISIC_0010569,37.81135799069827
ISIC_0010570,48.586583123918125
ISIC_0010571,33.85770359309092
ISIC_0010573,34.31568615337789
ISIC_0010574,34.87844322168872
ISIC_0010575,35.13290628352362
ISIC_0010581,25.20033641143628
ISIC_0010582,37.028686664823965
ISIC_0010584,27.032747872927747
ISIC_0010585,44.41038154015899
ISIC_0010586,41.94654273461395
ISIC_0010587,42.73762903439939
ISIC_0010588,32.99405900155664
ISIC_0010589,38.60810581057924
ISIC_0010590,42.00505142156021
ISIC_0010591,32.13722683375007
ISIC_0010592,48.37155244709052
ISIC_0010593,53.91706469905012
ISIC_0010595,41.140082230533146
ISIC_0010596,37.66223450855898
ISIC_0010597,36.08471018134151
ISIC_0010598,41.21667164137776
ISIC_0010599,29.556872049062147
ISIC_0010602,26.08048308360684
ISIC_0010603,30.962269809132238
ISIC_0010606,46.047238911771046
ISIC_0010607,37.59722912352473
ISIC_0010844,36.47290032843997
ISIC_0010846,22.71073455396603
ISIC_0010847,44.264296972394995
ISIC_0010848,32.88293666409028
ISIC_0010850,36.49774435395136
ISIC_0010851,57.12435122937603
ISIC_0010852,45.32058066479146
ISIC_0010853,43.098142195240435
ISIC_0010854,29.259172790818095
ISIC_0010856,39.149722894530704
ISIC_0010857,22.47993754669253
ISIC_0010858,26.622992631313462
ISIC_0010860,34.12359193842526
ISIC_0010861,32.995488484132174
ISIC_0010862,64.13747660081295
ISIC_0010863,28.02619888109623
ISIC_0010864,43.53638293098417
ISIC_0011079,41.4503535015342
ISIC_0011082,43.76379553209611
ISIC_0011083,40.00532491235015
ISIC_0011085,51.706720165177295
ISIC_0011088,25.815980070592065
ISIC_0011089,31.451425237297183
ISIC_0011090,27.273585822700753
ISIC_0011095,46.156493702481434
ISIC_0011097,36.53943687236482
ISIC_0011098,44.29143989619453
ISIC_0011099,34.50077788631686
ISIC_0011101,47.7123060580845
ISIC_0011102,32.60201996699357
ISIC_0011107,45.948219413522715
ISIC_0011110,45.55630119829863
ISIC_0011112,45.22667513800113
ISIC_0011114,36.48664528613923
ISIC_0011115,36.69288185074807
ISIC_0011117,19.801973328593295
ISIC_0011118,26.921241727304167
ISIC_0011119,42.421765187188385
ISIC_0011121,36.42132183325679
ISIC_0011123,36.49420235564867
ISIC_0011124,33.11933108641429
ISIC_0011126,50.317526034842736
ISIC_0011127,52.44159053366372
ISIC_0011130,31.461283635324747
ISIC_0011131,48.57995855021642
ISIC_0011132,31.194768468228613
ISIC_0011135,30.60541376300905
ISIC_0011136,30.901147372141775
ISIC_0011137,32.50227208564565
ISIC_0011140,33.09820369767916
ISIC_0011143,51.0745529457771
ISIC_0011144,52.937762930846255
ISIC_0011145,28.26637026258396
ISIC_0011146,36.12190603994434
ISIC_0011155,31.17657352445328
ISIC_0011157,45.522920842682645
ISIC_0011158,34.623394911333286
ISIC_0011159,35.31009259994997
ISIC_0011161,36.376261041877534
ISIC_0011162,35.368884027850186
ISIC_0011163,52.77215548244715
ISIC_0011164,45.8301973297444
ISIC_0011165,35.1580146627607
ISIC_0011166,39.19299703639728
ISIC_0011167,22.502191162660733
ISIC_0011168,35.538759243891455
ISIC_0011169,49.11124001294278
ISIC_0011170,48.393079816632856
ISIC_0011171,48.91429792809811
ISIC_0011173,36.373196022978185
ISIC_0011176,46.42097435855717
ISIC_0011177,41.58723732016131
ISIC_0011199,33.679044137872765
ISIC_0011203,36.39333542693736
ISIC_0011204,33.00656213411356
ISIC_0011205,49.448498394713475
ISIC_0011207,41.35668033930031
ISIC_0011208,30.88609798848785
ISIC_0011210,40.49353838697402
ISIC_0011211,30.360261712218016
ISIC_0011212,36.91401530772347
ISIC_0011213,43.19234101849602
ISIC_0011214,36.67642586528694
ISIC_0011215,54.13330895604673
ISIC_0011217,45.97038899757067
ISIC_0011218,29.379789798403078
ISIC_0011219,46.213271916963414
ISIC_0011220,47.86517269580782
ISIC_0011223,38.164939912561344
ISIC_0011224,38.67642940746878
ISIC_0011225,37.05607491502483
ISIC_0011227,36.66825309752863
ISIC_0011229,53.25098912422945
ISIC_0011230,48.988717523376174
ISIC_0011292,54.988413308511014
ISIC_0011294,40.446182680316554
ISIC_0011296,27.75556701570899
ISIC_0011297,40.309513029450024
ISIC_0011298,37.97167293506043
ISIC_0011300,54.03856901293264
ISIC_0011303,46.49954350319822
ISIC_0011304,36.83509668827224
ISIC_0011305,38.189146395880464
ISIC_0011306,28.420047385328076
ISIC_0011310,31.059674173459072
ISIC_0011315,29.380550209025994
ISIC_0011317,36.095569185948236
ISIC_0011321,35.809492363886854
ISIC_0011322,34.74277259763027
ISIC_0011324,30.923047134754142
ISIC_0011326,27.882795373150728
ISIC_0011327,42.79807399672034
ISIC_0011328,31.50788323418165
ISIC_0011330,42.587139965513366
ISIC_0011333,42.40532430717937
ISIC_0011336,27.330184430579184
ISIC_0011338,27.76721303026839
ISIC_0011339,45.355464031360874
ISIC_0011343,41.063170094393435
ISIC_0011344,42.29564777080051
ISIC_0011345,39.992400766469046
ISIC_0011347,28.314622505601545
ISIC_0011348,27.57047507105054
ISIC_0011349,32.955270649604756
ISIC_0011352,32.946450950631494
ISIC_0011353,32.80525020401038
ISIC_0011358,39.13246071923762
ISIC_0011359,24.987916228681613
ISIC_0011361,42.691094244435426
ISIC_0011362,29.06038734577591
ISIC_0011363,44.43891787477099
ISIC_0011366,35.336263345669806
ISIC_0011367,45.14393782245107
ISIC_0011372,41.145372459850414
ISIC_0011382,40.47295672142796
ISIC_0011384,47.53286923214563
ISIC_0011386,60.632786396275655
ISIC_0011387,27.52378772322804
ISIC_0011393,39.272840748937064
ISIC_0011397,32.152072906112316
ISIC_0011398,40.67522645334353
ISIC_0011402,35.72830550806083
ISIC_0012089,24.587087096954196
ISIC_0012090,13.351896201420862
ISIC_0012094,23.822350922793138
ISIC_0012097,37.31006444034194
ISIC_0012102,23.873950795644816
ISIC_0012103,34.348309730516455
ISIC_0012105,33.806540168651104
ISIC_0012107,27.4169434654559
ISIC_0012108,26.219431507641957
ISIC_0012116,30.705583143926024
ISIC_0012117,23.060000410011853
ISIC_0012118,26.327733581843916
ISIC_0012135,27.374866608734646
ISIC_0012137,34.668214134879996
ISIC_0012141,20.634251954077897
ISIC_0012148,34.05495142217742
ISIC_0012150,33.42986782923288
ISIC_0012155,20.95690167742717
ISIC_0012156,26.531828124112405
ISIC_0012164,25.51534713375484
ISIC_0012167,25.82506810837668
ISIC_0012170,19.427367732453934
ISIC_0012172,17.81433326720885
ISIC_0012173,17.291061229697263
ISIC_0012175,31.481206015284613
ISIC_0012177,36.54449297841844
ISIC_0012179,40.239028134278556
ISIC_0012182,34.176570005471284
ISIC_0012183,21.31562843033254
ISIC_0012187,21.418261571979816
ISIC_0012203,31.2478723629436
ISIC_0012205,34.06692058953205
ISIC_0012208,22.762600160267414
ISIC_0012209,30.721564174615114
ISIC_0012211,25.8163655644331
ISIC_0012212,27.70732633082822
ISIC_0012213,28.943131506972936
ISIC_0012214,22.269956352293132
ISIC_0012217,24.25253692840729
ISIC_0012224,17.268553968330355
ISIC_0012227,15.44810054943816
ISIC_0012228,21.84026543798845
ISIC_0012230,25.112287238310387
ISIC_0012232,23.387946458488617
ISIC_0012233,16.740926287327625
ISIC_0012235,17.32247667730272
ISIC_0012237,16.212879808247756
ISIC_0012238,17.77736909672531
ISIC_0012245,13.884352559855692
ISIC_0012246,16.232110247556914
ISIC_0012250,21.729554580083363
ISIC_0012253,16.80829935845186
ISIC_0012257,25.80980965147172
ISIC_0012259,21.20349097764125
ISIC_0012260,31.194255948527783
ISIC_0012261,18.162464859352628
ISIC_0012263,21.162540665455186
ISIC_0012268,26.67357141856802
ISIC_0012271,23.748551816056235
ISIC_0012274,21.912564591424925
ISIC_0012278,32.88680230942828
ISIC_0012281,22.769163308281804
ISIC_0012282,16.28327016173319
ISIC_0012284,31.144915484445672
ISIC_0012285,36.62562940462044
ISIC_0012290,25.480157491170175
ISIC_0012291,17.505850010043705
ISIC_0012294,27.527411218362502
ISIC_0012298,16.65118489627847
ISIC_0012299,20.56526191230584
ISIC_0012303,25.630744004033517
ISIC_0012309,24.74999993559336
ISIC_0012311,20.428120541470644
ISIC_0012318,30.688421125964528
ISIC_0012320,33.03848856366241
ISIC_0012322,35.04488196285839
ISIC_0012324,22.21353571935892
ISIC_0012325,13.546436432844382
ISIC_0012329,18.752787933877645
ISIC_0012332,29.349305114069068
ISIC_0012333,32.078874587157436
ISIC_0012334,27.938563123152587
ISIC_0012338,23.35777068076888
ISIC_0012339,25.91914504583329
ISIC_0012342,17.28329518230659
ISIC_0012348,24.907833086632436
ISIC_0012351,28.60109387799817
ISIC_0012359,18.209221406934418
ISIC_0012360,26.58775140131357
ISIC_0012363,24.964157366283118
ISIC_0012374,26.550130030904487
ISIC_0012376,35.084424007524696
ISIC_0012377,24.746945305630316
ISIC_0012378,29.89954104904625
ISIC_0012379,19.781295098827425
ISIC_0012381,20.171099298980412
ISIC_0012382,21.659728009245388
ISIC_0012384,17.97062184997433
ISIC_0012386,21.33982859886297
ISIC_0012390,20.237928893225117
ISIC_0012391,32.64228320263965
ISIC_0012397,16.09057075861176
ISIC_0012406,19.439399252871482
ISIC_0012413,32.55748422275382
ISIC_0012415,31.083279099898604
ISIC_0012416,13.591890930891
ISIC_0012433,22.559655043623057
ISIC_0012435,25.31152306664828
ISIC_0012442,26.82264823672004
ISIC_0012445,28.629467625352017
ISIC_0012450,17.000413396524863
ISIC_0012452,18.786061521097164
ISIC_0012453,16.182215543216078
ISIC_0012455,21.653957350674613
ISIC_0012459,25.119320874285027
ISIC_0012460,33.85227550508154
ISIC_0012464,30.10001182586626
ISIC_0012469,12.535753103922021
ISIC_0012473,13.369584535347363
ISIC_0012475,20.941795520611617
ISIC_0012478,14.196547596865074
ISIC_0012481,24.775660563864108
ISIC_0012487,31.638122871879855
ISIC_0012489,23.160605524780717
ISIC_0012494,17.264861649211685
ISIC_0012495,13.61695209471963
ISIC_0012496,17.665832552604197
ISIC_0012501,18.12068859844749
ISIC_0012503,20.999931805098722
ISIC_0012506,24.844476667473845
ISIC_0012508,23.54509750836304
ISIC_0012511,27.954778098649594
ISIC_0012512,24.714811281293635
ISIC_0012516,19.61273019731311
ISIC_0012517,16.051132163605644
ISIC_0012518,15.03799925534239
ISIC_0012520,21.421246405936614
ISIC_0012521,17.33876546834735
ISIC_0012523,21.26512810153974
ISIC_0012526,16.181000861731665
ISIC_0012527,20.822772272000236
ISIC_0012529,19.385073749799844
ISIC_0012539,17.282761796275846
ISIC_0012543,20.977868920650476
ISIC_0012544,31.28629072035936
ISIC_0012549,23.055510460621672
ISIC_0012550,19.53898340044203
ISIC_0012653,29.001648755433013
ISIC_0012655,37.2436704826657
ISIC_0012657,32.94298664526549
ISIC_0012658,26.401279976918662
ISIC_0012659,30.053276649812904
ISIC_0012661,21.717425354619024
ISIC_0012662,36.68212407399596
ISIC_0012663,40.10881471621158
ISIC_0012664,25.89754891530171
ISIC_0012665,24.389134171840748
ISIC_0012666,37.71126652384752
ISIC_0012669,40.147541350759376
ISIC_0012670,30.001934589903033
ISIC_0012671,29.783660392538575
ISIC_0012672,29.823200081478973
ISIC_0012673,29.83576014200359
ISIC_0012674,26.55908104456488
ISIC_0012675,41.40107178501279
ISIC_0012676,37.1761159963363
ISIC_0012677,37.47301580242506
ISIC_0012678,24.554030769422436
ISIC_0012679,27.76614958595184
ISIC_0012680,43.17082924836836
ISIC_0012681,47.531829694856135
ISIC_0012682,36.41450988571065
ISIC_0012683,30.59677413206008
ISIC_0012685,30.929044683124804
ISIC_0012690,22.2945120224184
ISIC_0012692,26.052554046019917
ISIC_0012693,18.14820416364887
ISIC_0012696,17.702390323207634
ISIC_0012697,19.709574659774667
ISIC_0012699,30.719035581414435
ISIC_0012700,31.349960511526174
ISIC_0012701,33.07912379286231
ISIC_0012702,30.79460461385442
ISIC_0012704,25.368959892503252
ISIC_0012706,27.788062846809794
ISIC_0012709,24.552043102535
ISIC_0012710,33.258667622091366
ISIC_0012711,27.96199978949619
ISIC_0012713,37.062547519487644
ISIC_0012715,18.36145669344388
ISIC_0012719,20.74373306333196
ISIC_0012721,24.4074944511531
ISIC_0012725,22.23961692173722
ISIC_0012726,18.448831118524506
ISIC_0012735,35.12974573691867
ISIC_0012737,24.927239476654425
ISIC_0012739,27.157632435307846
ISIC_0012740,31.033408543105214
ISIC_0012741,31.304986483705843
ISIC_0012742,30.28960467482141
ISIC_0012744,24.127372208770236
ISIC_0012749,38.878650770410935
ISIC_0012756,21.436435324722215
ISIC_0012768,22.141917907707498
ISIC_0012770,32.345441689106885
ISIC_0012772,18.200368672834646
ISIC_0012773,19.555144292096063
ISIC_0012777,35.796214852025095
ISIC_0012785,22.447034922124484
ISIC_0012787,36.75919575614663
ISIC_0012788,39.30516980166249
ISIC_0012789,34.037947832935
ISIC_0012790,26.248304392424846
ISIC_0012792,38.56801069643893
ISIC_0012793,26.144557345851023
ISIC_0012800,24.6552055373062
ISIC_0012804,39.545863252155506
ISIC_0012806,18.149174151103576
ISIC_0012810,40.77855952972411
ISIC_0012811,26.959702630645236
ISIC_0012813,13.573885555230419
ISIC_0012814,24.345267465016402
ISIC_0012823,42.40559107659565
ISIC_0012826,28.268816545875495
ISIC_0012827,38.67787340976219
ISIC_0012828,32.707941512740845
ISIC_0012833,16.134504889646568
ISIC_0012835,36.11100564123576
ISIC_0012840,29.118537177779558
ISIC_0012844,28.621522249799057
ISIC_0012845,29.436482245557503
ISIC_0012851,26.38700469278751
ISIC_0012854,16.933175366431538
ISIC_0012855,32.08644170857564
ISIC_0012856,24.087502795816196
ISIC_0012865,26.772886865196437
ISIC_0012871,24.861784745682183
ISIC_0012873,36.631510313034816
ISIC_0012877,22.75956737383392
ISIC_0012878,23.488563090834106
ISIC_0012879,35.08457611962851
ISIC_0012880,18.66695257174951
ISIC_0012883,27.56431686112566
ISIC_0012884,21.517261500868283
ISIC_0012887,36.98269403142534
ISIC_0012888,31.09235326636809
ISIC_0012889,17.90006133394009
ISIC_0012891,31.28341734947767
ISIC_0012897,29.21274797748998
ISIC_0012898,25.934644262366223
ISIC_0012901,37.48355574810024
ISIC_0012902,16.50463016941076
ISIC_0012905,35.27324308548305
ISIC_0012907,21.54872282310099
ISIC_0012911,30.468243433805142
ISIC_0012930,36.08606954892982
ISIC_0012932,19.9189540415249
ISIC_0012939,29.701459749916456
ISIC_0012940,26.279224355542425
ISIC_0012944,18.886929735469604
ISIC_0012945,31.54034270717966
ISIC_0012949,37.62510411123445
ISIC_0012950,21.720124143147896
ISIC_0012952,22.971062814854587
ISIC_0012957,31.541240931836583
ISIC_0012961,26.86308344971542
ISIC_0012962,20.284951643835743
ISIC_0012966,37.885202242428896
ISIC_0012969,26.316415768904502
ISIC_0012970,25.902299450880026
ISIC_0012976,37.587304163442326
ISIC_0012981,30.965115386165042
ISIC_0012982,34.67158494132274
ISIC_0012986,24.128749226043308
ISIC_0012987,22.536132788618584
ISIC_0012988,40.63634864278757
ISIC_0012990,34.61093257595868
ISIC_0012998,27.20092130758238
ISIC_0012999,27.98345555519217
ISIC_0013000,33.06463954376221
ISIC_0013001,32.00746604526821
ISIC_0013007,21.357548654796133
ISIC_0013012,26.984700722202962
ISIC_0013014,35.35025763510661
ISIC_0013015,22.342037371770903
ISIC_0013023,33.440802123660276
ISIC_0013024,21.531012847684774
ISIC_0013025,30.555906759936395
ISIC_0013026,32.915719882513486
ISIC_0013027,41.92818751689283
ISIC_0013031,25.78435091623228
ISIC_0013032,31.84374841338017
ISIC_0013033,15.39096641718097
ISIC_0013034,15.74894674198565
ISIC_0013037,27.831332416685317
ISIC_0013039,32.20892037512834
ISIC_0013040,19.324846763784198
ISIC_0013044,27.856926490080536
ISIC_0013047,24.348633577630878
ISIC_0013048,29.811132649806996
ISIC_0013052,17.254806509294728
ISIC_0013053,19.35978075744843
ISIC_0013054,37.749130470508405
ISIC_0013055,27.618596315489835
ISIC_0013056,20.40385803690531
ISIC_0013059,13.612254576656026
ISIC_0013063,15.352501133843765
ISIC_0013065,28.53593841498906
ISIC_0013071,20.99294699812126
ISIC_0013075,29.198464879770896
ISIC_0013079,26.744596390962133
ISIC_0013080,32.027835942671764
ISIC_0013084,20.82007201743436
ISIC_0013086,28.87604412662654
ISIC_0013087,32.81089112869741
ISIC_0013088,21.123015073845412
ISIC_0013089,27.985627029101426
ISIC_0013090,33.218146953034044
ISIC_0013092,21.341223328788306
ISIC_0013094,28.26292495987987
ISIC_0013096,32.70509101207837
ISIC_0013097,22.569281492800155
ISIC_0013106,33.7848188815131
ISIC_0013112,24.98998298403285
ISIC_0013114,24.36847683040139
ISIC_0013118,26.872127763408297
ISIC_0013120,22.287202727936858
ISIC_0013121,26.742312658800675
ISIC_0013124,27.62322467788124
ISIC_0013126,37.21300091436066
ISIC_0013129,23.02886618058812
ISIC_0013134,17.719904973045853
ISIC_0013136,19.826601474981587
ISIC_0013140,30.25759387437729
ISIC_0013141,31.458079427330635
ISIC_0013146,27.636209072244743
ISIC_0013147,24.062226545263098
ISIC_0013150,23.06081315765974
ISIC_0013155,36.891094182996824
ISIC_0013160,22.60032069946806
ISIC_0013163,26.601100112462046
ISIC_0013165,17.062948075216152
ISIC_0013166,32.65316416571485
ISIC_0013167,29.204195676813214
ISIC_0013172,31.424455694729186
ISIC_0013173,37.06412959328969
ISIC_0013174,19.41405814761735
ISIC_0013177,34.18430868269342
ISIC_0013178,19.228622045344412
ISIC_0013181,34.51300811182011
ISIC_0013184,21.758117987275224
ISIC_0013187,19.21779811624616
ISIC_0013189,25.315661070018965
ISIC_0013190,25.868274093258126
ISIC_0013192,25.132011352190716
ISIC_0013193,26.889266061514864
ISIC_0013196,28.84407984982842
ISIC_0013197,26.5778732499079
ISIC_0013198,24.44357167211977
ISIC_0013200,24.337225542893293
ISIC_0013201,22.590023757288947
ISIC_0013204,23.74264274638769
ISIC_0013205,31.174637161251923
ISIC_0013207,17.557378424732917
ISIC_0013208,24.840009867742626
ISIC_0013212,28.053189163339216
ISIC_0013213,22.00224129511147
ISIC_0013217,39.35388836424729
ISIC_0013219,30.28295947933397
ISIC_0013220,23.59970122262875
ISIC_0013222,29.41941737631878
ISIC_0013223,23.74035810753953
ISIC_0013224,23.345007836456546
ISIC_0013227,20.760759789203906
ISIC_0013229,22.91422399905626
ISIC_0013233,27.547063169954253
ISIC_0013235,22.739721115039828
ISIC_0013236,25.004431822552707
ISIC_0013238,18.54349720468812
ISIC_0013243,24.50446559162914
ISIC_0013244,28.67634254886782
ISIC_0013248,34.676524577476805
ISIC_0013249,24.16054463680241
ISIC_0013257,38.91326058160432
ISIC_0013258,27.782918677366535
ISIC_0013268,18.092740739726064
ISIC_0013274,28.36643667693187
ISIC_0013275,21.609243980410508
ISIC_0013287,24.247816757734228
ISIC_0013288,19.62223768002761
ISIC_0013294,30.508296572261134
ISIC_0013302,29.60279449641757
ISIC_0013304,16.894988454884945
ISIC_0013306,19.736756613966552
ISIC_0013310,30.016408880407408
ISIC_0013311,21.446314965524014
ISIC_0013314,24.429444797427607
ISIC_0013315,38.72034369641117
ISIC_0013316,22.72005573367043
ISIC_0013320,21.716799926525482
ISIC_0013326,24.140900584011614
ISIC_0013329,23.520902441666394
ISIC_0013330,26.241034380817883
ISIC_0013333,16.643679705852033
ISIC_0013334,29.50390499513055
ISIC_0013335,17.680528567916507
ISIC_0013340,28.69509330707176
ISIC_0013341,29.951851208668327
ISIC_0013342,28.79999184872628
ISIC_0013346,18.074042376791464
ISIC_0013355,24.339265856984095
ISIC_0013356,27.958645113501685
ISIC_0013359,16.766462176071737
ISIC_0013360,20.360503251905985
ISIC_0013364,25.679193781163168
ISIC_0013365,15.229762858605447
ISIC_0013369,33.811277381650335
ISIC_0013370,18.95685396827484
ISIC_0013371,19.02835364590473
ISIC_0013378,35.19310566287589
ISIC_0013383,19.139402376677427
ISIC_0013385,23.39544467690948
ISIC_0013390,18.74386515858009
ISIC_0013394,30.16718044343496
ISIC_0013395,23.895932101928945
ISIC_0013397,24.109640682133616
ISIC_0013398,29.18884340076325
ISIC_0013400,16.60222307845927
ISIC_0013403,17.944522472941305
ISIC_0013405,14.61834712995708
ISIC_0013409,23.40156051724573
ISIC_0013410,15.468184744950115
ISIC_0013417,21.18684516954421
ISIC_0013423,12.176070515741678
ISIC_0013424,15.083698171478295
ISIC_0013425,18.53072591346184
ISIC_0013427,18.23479481100269
ISIC_0013428,16.56117183438828
ISIC_0013429,20.140753310983104
ISIC_0013430,24.51451746277729
ISIC_0013432,28.328752050320986
ISIC_0013433,20.179238365612292
ISIC_0013434,20.37327435469903
ISIC_0013437,15.102893243053927
ISIC_0013438,17.360725598362876
ISIC_0013443,26.479426789196783
ISIC_0013456,31.444380244297008
ISIC_0013458,18.41879924436118
ISIC_0013461,18.036760196632166
ISIC_0013474,24.54706151189897
ISIC_0013480,31.222544805729214
ISIC_0013486,30.35166975455445
ISIC_0013487,38.079743243567115
ISIC_0013488,31.540855967081956
ISIC_0013489,27.692437335570613
ISIC_0013490,21.39781691744821
ISIC_0013492,37.024600491884435
ISIC_0013493,25.607734306555287
ISIC_0013494,18.25425336192284
ISIC_0013495,23.05115689342428
ISIC_0013497,21.61034529301794
ISIC_0013498,34.06408985949478
ISIC_0013499,24.115964861532472
ISIC_0013500,24.302584968566197
ISIC_0013516,16.537022913393745
ISIC_0013517,17.60698977516421
ISIC_0013523,28.17020937472032
ISIC_0013525,27.060563770219943
ISIC_0013526,41.818941207960265
ISIC_0013530,29.955588460282296
ISIC_0013552,21.708429805982664
ISIC_0013553,22.17056175859274
ISIC_0013554,20.442147276553744
ISIC_0013558,31.91160244827809
ISIC_0013559,28.182794470147844
ISIC_0013567,16.394765685637246
ISIC_0013568,34.27593444224764
ISIC_0013572,17.484067448412432
ISIC_0013573,24.684925103706046
ISIC_0013578,22.22681544486797
ISIC_0013579,19.313973673166895
ISIC_0013580,18.20654408224942
ISIC_0013581,17.801407862901897
ISIC_0013584,13.638153772489153
ISIC_0013585,14.687092324857502
ISIC_0013592,19.52695580743645
ISIC_0013594,25.907125358199806
ISIC_0013595,41.0915353163036
ISIC_0013596,29.475707807551302
ISIC_0013597,32.20485946033514
ISIC_0013599,37.85332222237934
ISIC_0013601,27.029767771321378
ISIC_0013603,32.526553321911045
ISIC_0013606,24.84278549858685
ISIC_0013610,33.15224115753567
ISIC_0013618,20.689728887208123
ISIC_0013621,17.550333536701586
ISIC_0013625,15.702520245608548
ISIC_0013626,25.151813359854177
ISIC_0013634,20.653642397583642
ISIC_0013635,16.853004288003476
ISIC_0013639,30.74797982888457
ISIC_0013643,15.81234411305872
ISIC_0013652,20.72937113270955
ISIC_0013656,23.196972791438185
ISIC_0013664,26.94825081659053
ISIC_0013667,21.264431943487544
ISIC_0013670,32.48031411141782
ISIC_0013671,15.80454096363475
ISIC_0013672,18.21686716098284
ISIC_0013674,22.409518371371135
ISIC_0013675,20.875212653031102
ISIC_0013676,22.505461367138526
ISIC_0013680,26.995836948843976
ISIC_0013682,21.603288492996892
ISIC_0013684,20.811949038919618
ISIC_0013685,19.029711140524057
ISIC_0013687,32.77588810634475
ISIC_0013688,19.621204556649108
ISIC_0013689,18.80304330929754
ISIC_0013690,25.368775409169704
ISIC_0013691,15.972610875185465
ISIC_0013695,24.02783797460262
ISIC_0013706,17.780668676993717
ISIC_0013707,15.683271319339402
ISIC_0013709,22.19158534816522
ISIC_0013712,21.508463362318576
ISIC_0013713,24.833037063720877
ISIC_0013719,24.470142449474594
ISIC_0013721,22.94038271561342
ISIC_0013725,21.934347178327858
ISIC_0013731,25.049671269184277
ISIC_0013737,19.750389339096284
ISIC_0013740,24.560438585798753
ISIC_0013742,30.64961522439909
ISIC_0013747,19.25940279050297
ISIC_0013748,19.287652592198643
ISIC_0013749,18.473242513204912
ISIC_0013758,23.846692329294726
ISIC_0013762,24.616186590476463
ISIC_0013765,21.718738668332236
ISIC_0013772,18.49890425647353
ISIC_0013775,24.100092587578832
ISIC_0013777,16.178205817950808
ISIC_0013778,17.57038590120276
ISIC_0013782,14.733832811253228
ISIC_0013783,17.85333701549814
ISIC_0013789,33.5495137012935
ISIC_0013792,24.882259361569016
ISIC_0013795,52.02824434175643
ISIC_0013796,26.35445409958818
ISIC_0013797,28.078829067790338
ISIC_0013798,34.04770314905744
ISIC_0013799,26.572831881785305
ISIC_0013800,24.67302184949841
ISIC_0013801,21.32457026947578
ISIC_0013802,20.690103094017974
ISIC_0013803,31.00509059542179
ISIC_0013804,20.801356362615508
ISIC_0013805,20.6132562771893
ISIC_0013806,18.08655266190985
ISIC_0013807,17.158408090361366
ISIC_0013808,29.414076777483075
ISIC_0013815,27.896188982174497
ISIC_0013816,18.29106978105511
ISIC_0013817,19.510548610963646
ISIC_0013819,23.10723051827152
ISIC_0013830,19.815741130214686
ISIC_0013831,29.643853365955177
ISIC_0013832,23.536641634435608
ISIC_0013835,15.040431295144048
ISIC_0013836,25.656409886346314
ISIC_0013837,33.56245284583339
ISIC_0013839,24.086567770979414
ISIC_0013840,17.242458171276592
ISIC_0013841,15.614616390027068
ISIC_0013843,35.77996783211858
ISIC_0013844,26.808621650337088
ISIC_0013845,20.530671744265025
ISIC_0013861,18.589041822698835
ISIC_0013862,14.640174521678068
ISIC_0013864,17.39477815468437
ISIC_0013865,19.20413371515786
ISIC_0013874,18.077074444467048
ISIC_0013876,29.455274847028964
ISIC_0013879,13.877386852522742
ISIC_0013886,39.95827255004088
ISIC_0013888,22.490189960882066
ISIC_0013890,14.938281457629898
ISIC_0013896,24.663000623100555
ISIC_0013910,27.80049846644791
ISIC_0013918,15.220959754148582
ISIC_0013921,25.105592848176872
ISIC_0013922,20.159860693174
ISIC_0013927,14.735993872986283
ISIC_0013929,17.503823153597484
ISIC_0013933,23.888510401780266
ISIC_0013935,24.269199840358784
ISIC_0013936,38.11342861570332
ISIC_0013942,27.840429931045794
ISIC_0013946,20.365754349063057
ISIC_0013958,31.849167066645176
ISIC_0013961,20.912274832151287
ISIC_0013962,19.51653595846319
ISIC_0013965,22.395352626082772
ISIC_0013967,23.817848309715334
ISIC_0013969,16.115236518978957
ISIC_0013970,30.874149474270656
ISIC_0013971,23.439726447658746
ISIC_0013972,18.106565909213177
ISIC_0013975,21.424278089731782
ISIC_0013980,22.62237640425651
ISIC_0013981,20.221584053739164
ISIC_0013982,15.52157939293636
ISIC_0013983,29.060730390693323
ISIC_0013984,25.00255092324001
ISIC_0013986,18.670618031191697
ISIC_0013995,15.2201187607592
ISIC_0013996,16.305741878067717
ISIC_0013997,18.526774931574185
ISIC_0014001,14.272136750581312
ISIC_0014004,33.90801802861427
ISIC_0014013,25.5772024303171
ISIC_0014026,18.101389962487843
ISIC_0014028,31.402089660572667
ISIC_0014029,28.03958552909846
ISIC_0014031,29.352299039708342
ISIC_0014032,22.093108511480967
ISIC_0014044,10.321304429771093
ISIC_0014045,18.867815877922254
ISIC_0014046,20.20771408301187
ISIC_0014049,17.69234953787797
ISIC_0014061,19.366043803031733
ISIC_0014062,18.918374728406025
ISIC_0014066,15.540291015233302
ISIC_0014069,16.206164685299512
ISIC_0014072,16.265555107463047
ISIC_0014073,29.973000803053193
ISIC_0014074,21.58066893920754
ISIC_0014076,16.836230150113778
ISIC_0014079,17.80464575534523
ISIC_0014080,23.506313596042517
ISIC_0014081,18.460610068186806
ISIC_0014082,17.30869031808433
ISIC_0014083,17.02897273479513
ISIC_0014088,17.132841456386902
ISIC_0014089,27.536058240609595
ISIC_0014092,24.058614241237837
ISIC_0014093,25.24390030688154
ISIC_0014094,32.798533063572634
ISIC_0014099,22.92196126593461
ISIC_0014108,21.22315844322023
ISIC_0014114,29.11412675349486
ISIC_0014120,17.062465902188297
ISIC_0014127,16.48445589590408
ISIC_0014131,26.646578508365664
ISIC_0014132,16.290529594908644
ISIC_0014133,19.85900873296038
ISIC_0014136,18.07018200855735
ISIC_0014144,19.518569257477484
ISIC_0014149,18.449028760187332
ISIC_0014150,20.14228466233792
ISIC_0014151,16.534292850795932
ISIC_0014156,21.80456940475521
ISIC_0014157,20.63678262550036
ISIC_0014158,20.0344430087502
ISIC_0014163,12.595576890242981
ISIC_0014164,19.30670331568476
ISIC_0014166,20.17994157606283
ISIC_0014169,17.084322055819353
ISIC_0014171,22.123999841360273
ISIC_0014173,30.831745426433738
ISIC_0014174,17.5342211452242
ISIC_0014179,16.675842916598558
ISIC_0014183,16.800633330809394
ISIC_0014185,13.302754347273583
ISIC_0014187,20.859070964488676
ISIC_0014189,16.212572082676243
ISIC_0014190,30.062734689002237
ISIC_0014191,13.303132816082432
ISIC_0014195,26.266029835894784
ISIC_0014197,15.697290054289672
ISIC_0014216,28.470491671594957
ISIC_0014222,19.074555009822912
ISIC_0014225,31.617360370724295
ISIC_0014229,30.30378450647433
ISIC_0014238,15.69989698707891
ISIC_0014248,30.68444637820748
ISIC_0014249,23.559525204696637
ISIC_0014253,21.873670683074142
ISIC_0014263,20.98887419655773
ISIC_0014264,13.054606326131703
ISIC_0014272,16.279678946531174
ISIC_0014273,16.18017185048865
ISIC_0014274,19.354546311974833
ISIC_0014286,24.675016648793374
ISIC_0014289,22.805877051622048
ISIC_0014290,21.145961160714823
ISIC_0014291,23.660130250848002
ISIC_0014299,22.449346839156163
ISIC_0014308,21.660322534337457
ISIC_0014311,22.490218113297818
ISIC_0014316,17.848305159821592
ISIC_0014317,23.806046221936096
ISIC_0014324,14.674736310469896
ISIC_0014325,18.421937203083296
ISIC_0014327,23.604430696233454
ISIC_0014328,18.29870904665398
ISIC_0014331,16.428449783831535
ISIC_0014337,18.975917814784392
ISIC_0014341,27.154240783107724
ISIC_0014346,17.370273138177726
ISIC_0014347,18.8876919893225
ISIC_0014353,19.800240428894245
ISIC_0014357,16.670966313956583
ISIC_0014360,20.78075998724866
ISIC_0014361,36.7435211886712
ISIC_0014365,17.90902972718679
ISIC_0014366,21.127688794126147
ISIC_0014372,23.05192653458401
ISIC_0014385,18.50344220983506
ISIC_0014393,16.142399836866495
ISIC_0014394,23.883267923515707
ISIC_0014395,17.21692920011405
ISIC_0014397,27.09154935151213
ISIC_0014410,23.68844430687464
ISIC_0014422,14.299549462966501
ISIC_0014430,25.370206695732673
ISIC_0014431,24.794592794624254
ISIC_0014432,18.74058110949085
ISIC_0014433,21.898921564283224
ISIC_0014438,15.947954324632809
ISIC_0014440,22.354862437833134
ISIC_0014441,12.984249371214823
ISIC_0014453,18.47491264663607
ISIC_0014458,30.538483450939495
ISIC_0014469,21.668584738116568
ISIC_0014473,26.057699559325727
ISIC_0014475,27.376837593363973
ISIC_0014476,26.812573818679073
ISIC_0014480,21.844517042930807
ISIC_0014486,23.851924205097433
ISIC_0014490,31.739138459765517
ISIC_0014498,23.70723229813343
ISIC_0014501,16.964874547309666
ISIC_0014502,21.40348767454492
ISIC_0014504,14.690071847527236
ISIC_0014507,20.54325310074208
ISIC_0014511,29.44912254358783
ISIC_0014515,14.676353472442413
ISIC_0014516,17.241357898622997
ISIC_0014518,25.24923675746146
ISIC_0014522,36.6932346033278
ISIC_0014525,23.596055429081147
ISIC_0014526,23.662011142059516
ISIC_0014527,15.96916653314645
ISIC_0014529,23.931321744086393
ISIC_0014535,14.234580682541322
ISIC_0014537,15.240244658647088
ISIC_0014543,21.86180482476415
ISIC_0014545,26.79671579728409
ISIC_0014547,20.169580980236784
ISIC_0014554,13.168537888379573
ISIC_0014557,19.738197783416293
ISIC_0014569,28.10175084303907
ISIC_0014570,37.28399876180237
ISIC_0014571,25.993392615931906
ISIC_0014573,34.61021499072455
ISIC_0014576,31.324193089794495
ISIC_0014577,23.712256971679732
ISIC_0014578,33.7487756772796
ISIC_0014579,35.99096088815313
ISIC_0014580,28.951345018882886
ISIC_0014581,28.25687432415043
ISIC_0014582,25.004897982203943
ISIC_0014583,33.318163661298065
ISIC_0014585,27.684231641378897
ISIC_0014589,29.74855230394283
ISIC_0014591,30.045476665044514
ISIC_0014592,28.41825491125125
ISIC_0014593,37.35302380852044
ISIC_0014594,29.936531926870767
ISIC_0014595,27.431729418838728
ISIC_0014596,26.532057331644296
ISIC_0014598,36.1897327528811
ISIC_0014599,35.16716347208355
ISIC_0014602,31.887486303749302
ISIC_0014603,41.81472414344364
ISIC_0014605,36.73527428178851
ISIC_0014606,40.17120460102655
ISIC_0014607,35.6195235134498
ISIC_0014609,32.37046221745757
ISIC_0014612,27.404063798347277
ISIC_0014613,28.568511134564716
ISIC_0014615,34.950550216346734
ISIC_0014617,30.06027828860749
ISIC_0014621,28.324784121435098
ISIC_0014622,27.11523508914816
ISIC_0014625,29.691020378906916
ISIC_0014628,25.16461877784087
ISIC_0014630,24.848502462398347
ISIC_0014632,23.267719802168525
ISIC_0014636,23.99701994697104
ISIC_0014638,34.54816817975513
ISIC_0014639,27.707432542611542
ISIC_0014640,27.089301635317597
ISIC_0014641,27.420294505993393
ISIC_0014642,22.91163852086434
ISIC_0014646,33.8507763743709
ISIC_0014650,25.106954522699976
ISIC_0014651,25.129964552597016
ISIC_0014654,28.735268055248806
ISIC_0014657,32.65935566234189
ISIC_0014658,45.43071093103841
ISIC_0014661,24.14172474343628
ISIC_0014664,30.103115790520096
ISIC_0014665,26.787082567891428
ISIC_0014667,16.45823878148012
ISIC_0014680,22.569019932052925
ISIC_0014682,31.815430134293944
ISIC_0014683,30.34668858128428
ISIC_0014684,31.15193126313851
ISIC_0014685,40.959813838972984
ISIC_0014692,38.094346427744874
ISIC_0014694,39.561969858899594
ISIC_0014696,33.152125145399225
ISIC_0014699,26.79284745661776
ISIC_0014702,25.339623330580263
ISIC_0014707,30.30176064238213
ISIC_0014708,31.084303549604687
ISIC_0014711,22.93034526515855
ISIC_0014713,40.98644621493991
ISIC_0014714,31.367005178799886
ISIC_0014715,38.548202478346276
ISIC_0014716,37.84790586427648
ISIC_0014722,35.32855837788107
ISIC_0014723,28.717428650073813
ISIC_0014724,32.01798342435222
ISIC_0014726,28.815420930700284
ISIC_0014730,41.36405391231969
ISIC_0014731,20.09693848018695
ISIC_0014735,37.119704924721646
ISIC_0014739,46.84870124059294
ISIC_0014742,40.343556388624485
ISIC_0014745,40.068008364153904
ISIC_0014748,33.30670310548501
ISIC_0014754,30.496643374755152
ISIC_0014760,31.65424198116038
ISIC_0014762,35.87421286421043
ISIC_0014763,39.97454329843561
ISIC_0014769,28.415302042265637
ISIC_0014770,35.515270846914724
ISIC_0014771,39.33309153131562
ISIC_0014775,37.842555777253274
ISIC_0014778,33.233376633011076
ISIC_0014779,32.505905811495744
ISIC_0014782,30.371336247301382
ISIC_0014783,24.75331563821779
ISIC_0014785,39.033412939990235
ISIC_0014788,34.790038287260366
ISIC_0014791,46.59517327163601
ISIC_0014793,33.43718019517953
ISIC_0014794,25.12828843928257
ISIC_0014795,26.97039398045574
ISIC_0014797,32.54117482172529
ISIC_0014802,42.434210316995426
ISIC_0014803,37.98031006106613
ISIC_0014804,35.53829635583215
ISIC_0014805,32.65298074449466
ISIC_0014806,34.6308230174598
ISIC_0014808,39.289515423983964
ISIC_0014811,24.510157577353045
ISIC_0014812,37.28274647628876
ISIC_0014818,28.178795851248953
ISIC_0014819,23.423825623276255
ISIC_0014821,25.41707385325368
ISIC_0014823,40.78551896277215
ISIC_0014825,37.71256013382051
ISIC_0014830,27.014879029930878
ISIC_0014831,35.40210774862723
ISIC_0014832,27.96245391557204
ISIC_0014834,26.49705886724756
ISIC_0014836,51.70977227462029
ISIC_0014838,36.97759975663852
ISIC_0014839,31.316385997555177
ISIC_0014843,33.366292301492756
ISIC_0014845,43.66411162696875
ISIC_0014846,40.962840680877086
ISIC_0014848,51.41716208370425
ISIC_0014849,34.12594804061502
ISIC_0014850,26.123200138928663
ISIC_0014851,24.627150223753116
ISIC_0014855,30.579422578554993
ISIC_0014860,37.82323962799345
ISIC_0014866,33.281872809016576
ISIC_0014869,34.506969713356355
ISIC_0014890,29.72869468069439
ISIC_0014891,42.74634939474836
ISIC_0014897,43.89679886190773
ISIC_0014898,34.73249634792778
ISIC_0014903,36.6335848532914
ISIC_0014904,21.86572570313089
ISIC_0014908,52.23925161303678
ISIC_0014911,48.015723546309026
ISIC_0014913,31.116431126659887
ISIC_0014915,33.085266310575925
ISIC_0014919,25.96237928794375
ISIC_0014920,42.74914166155531
ISIC_0014922,49.91263316189952
ISIC_0014923,38.373298475437586
ISIC_0014925,29.593398317610735
ISIC_0014926,25.160196879757578
ISIC_0014929,36.867255202792585
ISIC_0014930,43.16059529956593
ISIC_0014933,41.49236945333481
ISIC_0014951,33.44420933324157
ISIC_0014975,24.678886503295974
ISIC_0014983,39.58941621639223
ISIC_0014987,29.14207679304363
ISIC_0015005,27.411777935153353
ISIC_0015006,19.14480649978377
ISIC_0015032,31.657351843394377
ISIC_0015038,33.80658488949975
ISIC_0015044,27.324003409393395
ISIC_0015045,41.48285035246124
ISIC_0015079,33.59944511057069
ISIC_0015082,28.06509712849682
ISIC_0015108,28.553218894037048
ISIC_0015109,40.122937751980594
ISIC_0015110,33.08781754460002
ISIC_0015112,33.26502503138979
ISIC_0015113,29.989396042845414
ISIC_0015153,36.52303261558827
ISIC_0015158,37.70763124593012
ISIC_0015166,30.036026066357945
ISIC_0015168,30.367888570909617
ISIC_0015170,24.037072715009625
ISIC_0015181,24.535197719996095
ISIC_0015182,29.298531497648213
ISIC_0015189,28.129269238021205
ISIC_0015190,31.047297541408863
ISIC_0015200,44.51062066261634
ISIC_0015204,30.50435185024126
ISIC_0015219,36.65217776155803
ISIC_0015220,30.04610955901896
ISIC_0015233,42.587768409682894
ISIC_0015260,34.01444787013384
ISIC_0015284,45.13740734827481
ISIC_0015295,32.389423603745975
