image_id,compactness
ISIC_0000000,0.6853239919793972
ISIC_0000001,0.5876574449883565
ISIC_0000002,0.5089802206639212
ISIC_0000003,0.6845626027981938
ISIC_0000004,0.8345395900418914
ISIC_0000006,0.539922613251783
ISIC_0000007,0.7001318626047603
ISIC_0000008,0.610100055877033
ISIC_0000009,0.5740783251727032
ISIC_0000010,0.65214756129516
ISIC_0000011,0.6141204984724268
ISIC_0000012,0.6893880080259689
ISIC_0000013,0.6577877625459974
ISIC_0000014,0.5427374294775761
ISIC_0000015,0.4920831196929857
ISIC_0000016,0.7345183006748783
ISIC_0000017,0.5521994640517219
ISIC_0000018,0.4785692891470832
ISIC_0000019,0.7236032482418832
ISIC_0000020,0.45241682796063554
ISIC_0000021,0.3514756871898166
ISIC_0000022,0.7715827083022508
ISIC_0000023,0.6116052302581473
ISIC_0000024,0.8411199640366309
ISIC_0000025,0.32288158194673033
ISIC_0000026,0.7640782758394006
ISIC_0000027,0.4943295588188699
ISIC_0000028,0.5215021095236049
ISIC_0000029,0.5607314043890539
ISIC_0000030,0.7941119389784131
ISIC_0000031,0.723091258882484
ISIC_0000032,0.7649230304112297
ISIC_0000034,0.5024596597205809
ISIC_0000035,0.5482333493764866
ISIC_0000036,0.7352425877537724
ISIC_0000037,0.43192320867229994
ISIC_0000038,0.5145461480966503
ISIC_0000039,0.6438548246109093
ISIC_0000040,0.43000993861616926
ISIC_0000041,0.6433584545518347
ISIC_0000042,0.748481114687788
ISIC_0000043,0.746877578294148
ISIC_0000044,0.6128655449211811
ISIC_0000045,0.6335264584845997
ISIC_0000046,0.4285643811750395
ISIC_0000047,0.6044207736033921
ISIC_0000048,0.5714182019183476
ISIC_0000049,0.8620057383164667
ISIC_0000050,0.6982301101447109
ISIC_0000051,0.38622367890889625
ISIC_0000052,0.5611878282695861
ISIC_0000053,0.34237709642188213
ISIC_0000054,0.5015895682588641
ISIC_0000055,0.5227825083997159
ISIC_0000056,0.430035761282854
ISIC_0000057,0.6991869115583262
ISIC_0000059,0.7405971348600637
ISIC_0000061,0.5010071447597502
ISIC_0000062,0.4654933560597262
ISIC_0000063,0.4496403564634422
ISIC_0000064,0.5938223474258867
ISIC_0000065,0.5051487747886347
ISIC_0000066,0.596710753323724
ISIC_0000067,0.6278319629627173
ISIC_0000068,0.639893682868526
ISIC_0000069,0.6167312999782011
ISIC_0000071,0.7572345296818281
ISIC_0000072,0.7158149688957668
ISIC_0000073,0.6838703605825703
ISIC_0000074,0.47156545540172157
ISIC_0000075,0.7114133065665008
ISIC_0000077,0.8365870516686842
ISIC_0000078,0.5706840670706642
ISIC_0000079,0.39340619287224543
ISIC_0000080,0.5706121481086444
ISIC_0000081,0.34527902958438506
ISIC_0000082,0.5646493875809538
ISIC_0000085,0.38921438437357864
ISIC_0000086,0.4664586093917641
ISIC_0000087,0.5462947606913554
ISIC_0000088,0.33676663254366535
ISIC_0000089,0.4517138871485896
ISIC_0000091,0.8618941732647674
ISIC_0000092,0.7062662530170151
ISIC_0000093,0.7263578897930967
ISIC_0000094,0.7643839009011326
ISIC_0000095,0.8185223009409743
ISIC_0000096,0.7920799981881673
ISIC_0000097,0.35954743473108036
ISIC_0000098,0.6505827574701463
ISIC_0000099,0.7829544686085892
ISIC_0000100,0.8466109319888009
ISIC_0000101,0.5715098799394553
ISIC_0000102,0.8225963286419667
ISIC_0000103,0.7924455949207344
ISIC_0000104,0.8344531722252696
ISIC_0000105,0.36525732226178564
ISIC_0000107,0.41253226178216984
ISIC_0000108,0.5314298282034753
ISIC_0000109,0.2808684289324915
ISIC_0000110,0.8016368095726425
ISIC_0000111,0.7620456716850084
ISIC_0000112,0.8080979174204546
ISIC_0000113,0.8681857090198146
ISIC_0000116,0.6705417495520349
ISIC_0000118,0.7946379950067254
ISIC_0000119,0.4323884444790042
ISIC_0000120,0.5581299108346214
ISIC_0000121,0.8469351942879821
ISIC_0000122,0.8350772165311297
ISIC_0000123,0.769520581796277
ISIC_0000124,0.346177393719857
ISIC_0000125,0.7881955500557927
ISIC_0000126,0.8312158697188802
ISIC_0000127,0.7764843364117698
ISIC_0000128,0.6294558993663819
ISIC_0000129,0.5654066579366092
ISIC_0000130,0.7144427659965467
ISIC_0000131,0.7406737130537103
ISIC_0000132,0.5200177190586761
ISIC_0000133,0.8551765042251221
ISIC_0000134,0.7663764699407841
ISIC_0000135,0.5620948907952409
ISIC_0000136,0.7630269950364355
ISIC_0000137,0.5425536848302278
ISIC_0000138,0.8378429210603395
ISIC_0000139,0.8306739568580939
ISIC_0000140,0.8011620598151069
ISIC_0000141,0.6822718745450205
ISIC_0000142,0.8841490453515403
ISIC_0000143,0.8223020249946352
ISIC_0000145,0.6600618686978185
ISIC_0000146,0.8382962126402714
ISIC_0000147,0.8604077050213749
ISIC_0000148,0.7369915346444871
ISIC_0000149,0.8677193173503435
ISIC_0000150,0.627030604202891
ISIC_0000151,0.691253557358042
ISIC_0000152,0.5402811424196566
ISIC_0000153,0.5046319667959842
ISIC_0000154,0.5451475194669172
ISIC_0000155,0.8291512731115265
ISIC_0000156,0.6826236788537063
ISIC_0000157,0.7728774154464064
ISIC_0000159,0.8079795344406697
ISIC_0000160,0.7222190400359757
ISIC_0000161,0.656972449481503
ISIC_0000162,0.770222564878929
ISIC_0000163,0.7245432636968131
ISIC_0000164,0.6513480052259842
ISIC_0000165,0.47541460081435866
ISIC_0000166,0.5735984337136356
ISIC_0000167,0.6899910794146004
ISIC_0000169,0.6093346178884941
ISIC_0000171,0.6645762753470521
ISIC_0000172,0.4740954635531116
ISIC_0000174,0.6975662643388654
ISIC_0000176,0.5275299246726091
ISIC_0000177,0.8133545242201369
ISIC_0000179,0.34428686366493294
ISIC_0000181,0.8514436944269352
ISIC_0000182,0.8817578979942872
ISIC_0000184,0.8172660035990961
ISIC_0000185,0.7403723735908413
ISIC_0000186,0.8708063552317945
ISIC_0000188,0.8088422891977333
ISIC_0000189,0.8326630359059414
ISIC_0000190,0.7044508381529829
ISIC_0000191,0.8040013561721834
ISIC_0000192,0.7979039950591601
ISIC_0000193,0.778745798300444
ISIC_0000196,0.43984069609173704
ISIC_0000197,0.41004772560685904
ISIC_0000198,0.7826231388239808
ISIC_0000199,0.6511934046616383
ISIC_0000201,0.8145983954781331
ISIC_0000202,0.8573813784789962
ISIC_0000203,0.8092340174466105
ISIC_0000204,0.8198243468559837
ISIC_0000205,0.835374801923989
ISIC_0000206,0.391815464788997
ISIC_0000207,0.8035561802154456
ISIC_0000208,0.8019000487786208
ISIC_0000209,0.8011215739630806
ISIC_0000211,0.8856548450828413
ISIC_0000212,0.8516674353859803
ISIC_0000213,0.5958775985977015
ISIC_0000214,0.5375643408367333
ISIC_0000215,0.8128020453469351
ISIC_0000216,0.6437431134575156
ISIC_0000217,0.7647218596390525
ISIC_0000218,0.7970510514923765
ISIC_0000219,0.6928614757542622
ISIC_0000220,0.7306732878868848
ISIC_0000221,0.8535733227171787
ISIC_0000222,0.6096039687132759
ISIC_0000223,0.4347513997656889
ISIC_0000224,0.7983734784865322
ISIC_0000225,0.640252055613769
ISIC_0000226,0.8307206975602041
ISIC_0000227,0.6963991706939325
ISIC_0000229,0.6089887815148106
ISIC_0000231,0.6061653664196608
ISIC_0000232,0.7112878112810797
ISIC_0000233,0.680432055409402
ISIC_0000234,0.8649762747179316
ISIC_0000235,0.8749843823605403
ISIC_0000236,0.6026511206555482
ISIC_0000237,0.7705039733166672
ISIC_0000239,0.8298852269560596
ISIC_0000240,0.788300549314075
ISIC_0000242,0.46029029358049134
ISIC_0000243,0.5514013122474085
ISIC_0000244,0.4638259639527866
ISIC_0000245,0.8647133419652578
ISIC_0000246,0.44114248907274156
ISIC_0000247,0.8651533226027663
ISIC_0000250,0.7826622259680154
ISIC_0000251,0.8501007662062539
ISIC_0000252,0.5419816185788315
ISIC_0000253,0.6756256889800065
ISIC_0000254,0.841034195026043
ISIC_0000255,0.5843601068231745
ISIC_0000256,0.6396794417110192
ISIC_0000258,0.8005022972374328
ISIC_0000259,0.8657071382626484
ISIC_0000260,0.5915127475466483
ISIC_0000261,0.7630594311936257
ISIC_0000262,0.527616575871446
ISIC_0000263,0.635181789306604
ISIC_0000264,0.7489444860301364
ISIC_0000265,0.7446902044503048
ISIC_0000268,0.8023307864854105
ISIC_0000269,0.697284060128425
ISIC_0000274,0.7923887565947384
ISIC_0000275,0.7785934446955501
ISIC_0000276,0.6431907545620373
ISIC_0000277,0.8596801241528464
ISIC_0000278,0.8440009048469689
ISIC_0000281,0.7604373808409012
ISIC_0000282,0.7587094427729699
ISIC_0000283,0.5027891540824383
ISIC_0000285,0.6914931286736609
ISIC_0000288,0.7104106437197826
ISIC_0000289,0.7203587586769232
ISIC_0000290,0.7010286329673096
ISIC_0000292,0.7227302084931189
ISIC_0000293,0.7705210754323929
ISIC_0000294,0.7380798360016312
ISIC_0000295,0.713876650508442
ISIC_0000297,0.8864742678306151
ISIC_0000298,0.6365568212542447
ISIC_0000299,0.8220466384645942
ISIC_0000300,0.7462805973859016
ISIC_0000301,0.8001566877057835
ISIC_0000302,0.6716526912564184
ISIC_0000303,0.8463726156645798
ISIC_0000306,0.5939879372121716
ISIC_0000307,0.7726169642180734
ISIC_0000310,0.8707803049465314
ISIC_0000311,0.8045717693771217
ISIC_0000313,0.8319560348155668
ISIC_0000314,0.6871083252325741
ISIC_0000315,0.8094976886831636
ISIC_0000316,0.8160700636372478
ISIC_0000317,0.8505357713403309
ISIC_0000319,0.7908627044383648
ISIC_0000320,0.8656524294165198
ISIC_0000321,0.8613138263304718
ISIC_0000322,0.7364523795695676
ISIC_0000323,0.8240549752786491
ISIC_0000324,0.8538246294315374
ISIC_0000325,0.7888789589219216
ISIC_0000326,0.712418158394104
ISIC_0000327,0.821062393637088
ISIC_0000328,0.8218520841004049
ISIC_0000329,0.8565026347666743
ISIC_0000330,0.8127607067163323
ISIC_0000331,0.8618745981868239
ISIC_0000332,0.6671985654927249
ISIC_0000336,0.8115535855777346
ISIC_0000338,0.6443402443572347
ISIC_0000340,0.8232004939867656
ISIC_0000341,0.7330014921727225
ISIC_0000342,0.7424841145826795
ISIC_0000343,0.6062242661295801
ISIC_0000344,0.5901809938981388
ISIC_0000345,0.869454796240886
ISIC_0000346,0.7633535551037863
ISIC_0000347,0.7051003871255148
ISIC_0000348,0.707076587479761
ISIC_0000349,0.6068272821108545
ISIC_0000350,0.6673645112297214
ISIC_0000351,0.7373817571468573
ISIC_0000352,0.8425306350700379
ISIC_0000353,0.7577421087420176
ISIC_0000354,0.552019052721592
ISIC_0000355,0.8432597076471454
ISIC_0000357,0.7919571845029267
ISIC_0000358,0.8858121164250088
ISIC_0000359,0.7942168390996615
ISIC_0000360,0.8580747612444038
ISIC_0000361,0.7675821910946309
ISIC_0000363,0.7393209435553088
ISIC_0000364,0.6804787703369558
ISIC_0000365,0.8550039653489184
ISIC_0000366,0.5608091624804172
ISIC_0000367,0.8743064665146799
ISIC_0000368,0.7822900303240244
ISIC_0000369,0.533640960794603
ISIC_0000370,0.8705096382918676
ISIC_0000371,0.8210323476303878
ISIC_0000372,0.8273177937306951
ISIC_0000374,0.6112330833022628
ISIC_0000376,0.7587563814620358
ISIC_0000377,0.3667814939224557
ISIC_0000378,0.3848460026645046
ISIC_0000379,0.6669247270036366
ISIC_0000380,0.6755200098609819
ISIC_0000381,0.6295683557387939
ISIC_0000382,0.6259433876794172
ISIC_0000383,0.4505635202639456
ISIC_0000384,0.5130328966703008
ISIC_0000385,0.41378180285792726
ISIC_0000386,0.36828773451361185
ISIC_0000387,0.5062883759897947
ISIC_0000388,0.8825571269616387
ISIC_0000390,0.7533274161062935
ISIC_0000391,0.8689314703361275
ISIC_0000392,0.835445838478488
ISIC_0000393,0.7423939977233203
ISIC_0000395,0.8422919044477966
ISIC_0000396,0.8634128640897476
ISIC_0000397,0.6492717207597919
ISIC_0000403,0.4795487922823544
ISIC_0000407,0.6347525650978162
ISIC_0000408,0.7379869356455625
ISIC_0000409,0.603589631217456
ISIC_0000410,0.21132369634092513
ISIC_0000412,0.40183965715505343
ISIC_0000413,0.5528543614369463
ISIC_0000415,0.08816373018701443
ISIC_0000416,0.3069560888547777
ISIC_0000418,0.6122879104620819
ISIC_0000419,0.4259947926851884
ISIC_0000420,0.5987707186565838
ISIC_0000421,0.27154284536223755
ISIC_0000423,0.537418298761786
ISIC_0000425,0.7783561661020032
ISIC_0000426,0.663447547784026
ISIC_0000427,0.45411532063994664
ISIC_0000431,0.7066681323190732
ISIC_0000433,0.7064881886909988
ISIC_0000434,0.6721813739835553
ISIC_0000436,0.8576757938401375
ISIC_0000439,0.8297102608573379
ISIC_0000442,0.7411977251035741
ISIC_0000443,0.8220177338670814
ISIC_0000444,0.2634647898084192
ISIC_0000445,0.8011265595559492
ISIC_0000447,0.574732067820373
ISIC_0000448,0.7442597005271852
ISIC_0000449,0.5839226307858048
ISIC_0000451,0.8289465604716305
ISIC_0000453,0.2815166271877241
ISIC_0000455,0.4921214632496012
ISIC_0000456,0.3448570959091721
ISIC_0000457,0.5843620279410127
ISIC_0000458,0.8009843210716019
ISIC_0000460,0.5558194615483051
ISIC_0000461,0.4771229734128511
ISIC_0000463,0.8380067800029812
ISIC_0000465,0.6112926203760891
ISIC_0000466,0.4595714377774822
ISIC_0000467,0.5633136016902746
ISIC_0000468,0.37423316126849065
ISIC_0000469,0.30865774281500824
ISIC_0000470,0.512832172750814
ISIC_0000471,0.5791334403997216
ISIC_0000473,0.7705856784595947
ISIC_0000474,0.40003852384661887
ISIC_0000475,0.7193781729337574
ISIC_0000476,0.31449073652653103
ISIC_0000478,0.5302296601352895
ISIC_0000479,0.24296395666570403
ISIC_0000480,0.4354387502493288
ISIC_0000481,0.6633051735011973
ISIC_0000482,0.600559849264413
ISIC_0000483,0.598041845251008
ISIC_0000484,0.32994692867599057
ISIC_0000485,0.2084395987588509
ISIC_0000486,0.6488874958619438
ISIC_0000487,0.21687338130470016
ISIC_0000488,0.5653190795894061
ISIC_0000489,0.3722401488712597
ISIC_0000490,0.7919191265475157
ISIC_0000491,0.565468356505096
ISIC_0000492,0.44919054801836034
ISIC_0000493,0.5850391571742948
ISIC_0000494,0.7782694240079137
ISIC_0000495,0.7120189798322607
ISIC_0000496,0.6237051640596804
ISIC_0000498,0.7419143320331613
ISIC_0000499,0.6076341397035496
ISIC_0000500,0.7469901872599202
ISIC_0000501,0.6025203955497443
ISIC_0000503,0.5410163770458567
ISIC_0000504,0.8624229678132015
ISIC_0000505,0.4041816201574226
ISIC_0000506,0.8678157578065757
ISIC_0000507,0.6727925044901821
ISIC_0000508,0.5163760482564242
ISIC_0000509,0.559978521825797
ISIC_0000510,0.5194534518479064
ISIC_0000511,0.3590490798779935
ISIC_0000513,0.7607413478971382
ISIC_0000514,0.5369653137734418
ISIC_0000515,0.8377707561611579
ISIC_0000516,0.6026636006278068
ISIC_0000517,0.6356305141459961
ISIC_0000518,0.6182387762875157
ISIC_0000519,0.7177815425580116
ISIC_0000520,0.8229582066418046
ISIC_0000521,0.7319479729091279
ISIC_0000522,0.21930491252436843
ISIC_0000523,0.7171748075676445
ISIC_0000524,0.4998384294372697
ISIC_0000525,0.596532118830454
ISIC_0000527,0.642663774470808
ISIC_0000528,0.49031195378578574
ISIC_0000529,0.44291696964744653
ISIC_0000530,0.7913538165170796
ISIC_0000531,0.4690377955826443
ISIC_0000532,0.5138095377105096
ISIC_0000533,0.45372273924675555
ISIC_0000534,0.5992047752985307
ISIC_0000535,0.5458078818203543
ISIC_0000536,0.6415935699743647
ISIC_0000538,0.6530448583794816
ISIC_0000539,0.5145127039375021
ISIC_0000540,0.4689784498360285
ISIC_0000541,0.5820935230410771
ISIC_0000542,0.4657595719277687
ISIC_0000543,0.6822033467665459
ISIC_0000544,0.5890422499864801
ISIC_0000545,0.8101359843008183
ISIC_0000546,0.5631695192105455
ISIC_0000547,0.20943707653064972
ISIC_0000548,0.4039667682760747
ISIC_0000549,0.20461177820337648
ISIC_0000550,0.4535144357870832
ISIC_0000551,0.3524053714676121
ISIC_0000552,0.59301886687593
ISIC_0000554,0.3884569071180531
ISIC_0000555,0.4452651017291312
ISIC_0000556,0.4526591861197409
ISIC_0000882,0.8403247318425914
ISIC_0000900,0.8372811484321236
ISIC_0000999,0.3403021379537904
ISIC_0001100,0.7311498462197429
ISIC_0001102,0.43523492262610813
ISIC_0001103,0.774838824067515
ISIC_0001105,0.8363294257794825
ISIC_0001118,0.7076023007006725
ISIC_0001119,0.7261759214173856
ISIC_0001126,0.6020576832501536
ISIC_0001128,0.7617888440402819
ISIC_0001131,0.5778349025151956
ISIC_0001133,0.8285957968008869
ISIC_0001134,0.7469436635997728
ISIC_0001140,0.5566740115800405
ISIC_0001142,0.6791028314906637
ISIC_0001148,0.35508625580542946
ISIC_0001152,0.5312980960491052
ISIC_0001960,0.21456156195090356
ISIC_0002093,0.47441857821452355
ISIC_0002107,0.6724678215137428
ISIC_0002206,0.8853988193613044
ISIC_0002246,0.8231372997661754
ISIC_0002251,0.7960512863915928
ISIC_0002287,0.6688516102384269
ISIC_0002353,0.8327554713506861
ISIC_0002374,0.44781980816470807
ISIC_0002438,0.3800204369692005
ISIC_0002439,0.41130419801028373
ISIC_0002453,0.575803212744821
ISIC_0002459,0.851682826165566
ISIC_0002469,0.5380883530962227
ISIC_0002476,0.6339886788114395
ISIC_0002488,0.48132092917041597
ISIC_0002489,0.5352142266134039
ISIC_0002616,0.8433400831652381
ISIC_0002647,0.26903323003305013
ISIC_0002673,0.7460810574457222
ISIC_0002780,0.8378094174724375
ISIC_0002806,0.3358265437120251
ISIC_0002829,0.8472321804131016
ISIC_0002836,0.8140637939991593
ISIC_0002871,0.8409865930377977
ISIC_0002879,0.8082738718753831
ISIC_0002885,0.8375492037766629
ISIC_0002948,0.44569194399680656
ISIC_0002975,0.5088525518604959
ISIC_0002976,0.5308009675014971
ISIC_0003005,0.71290049061584
ISIC_0003051,0.6495906615993711
ISIC_0003056,0.7659094985537231
ISIC_0003174,0.8635271564455683
ISIC_0003308,0.7805952282493939
ISIC_0003346,0.41234324267511163
ISIC_0003728,0.43872179950168344
ISIC_0004110,0.8092383358877937
ISIC_0004115,0.7251182657403188
ISIC_0004166,0.8438937031260948
ISIC_0004168,0.8480528651186005
ISIC_0004309,0.7401610711417402
ISIC_0004346,0.8543181101562003
ISIC_0004715,0.8857257280238902
ISIC_0004985,0.7821263096415132
ISIC_0005000,0.4986836231052318
ISIC_0005187,0.24176381558656837
ISIC_0005548,0.39669342750288006
ISIC_0005555,0.7740623858768333
ISIC_0005620,0.8413164690106139
ISIC_0005639,0.8523647490241202
ISIC_0005666,0.8161425421959145
ISIC_0005787,0.8324433677304307
ISIC_0006021,0.7500672461376223
ISIC_0006114,0.40610831889716553
ISIC_0006193,0.823666588276793
ISIC_0006326,0.8188348770144032
ISIC_0006350,0.774307221766305
ISIC_0006612,0.8556011895719233
ISIC_0006711,0.8570071332715725
ISIC_0006776,0.8739276464918241
ISIC_0006795,0.8813566736241489
ISIC_0006800,0.47669676740526384
ISIC_0006940,0.8204389895634361
ISIC_0006982,0.8014891394893714
ISIC_0007038,0.7431795957987707
ISIC_0007087,0.5152741899017974
ISIC_0007322,0.8092373469872243
ISIC_0007475,0.7976964621296169
ISIC_0007557,0.8169033361101352
ISIC_0007693,0.463257341588021
ISIC_0007760,0.8808539688567155
ISIC_0008029,0.8265635905786891
ISIC_0008116,0.835501809168722
ISIC_0008145,0.4653008044091754
ISIC_0008207,0.3619654633303699
ISIC_0008236,0.5279978261842686
ISIC_0008256,0.6550529435010078
ISIC_0008280,0.6066374115010992
ISIC_0008294,0.7718879394650883
ISIC_0008347,0.742830896072156
ISIC_0008396,0.8687614404813832
ISIC_0008403,0.8794315214956796
ISIC_0008406,0.5280370761713649
ISIC_0008507,0.5032925213475733
ISIC_0008528,0.5876476766669869
ISIC_0008541,0.49995449626214766
ISIC_0008552,0.5855743848227201
ISIC_0008600,0.4832786381588069
ISIC_0008626,0.2244038441504403
ISIC_0008659,0.5896924341388724
ISIC_0008785,0.8460890751032181
ISIC_0008807,0.5313104393331858
ISIC_0008879,0.8604814870031333
ISIC_0008992,0.6654469569759165
ISIC_0008993,0.7370101449671865
ISIC_0008998,0.18865001082117472
ISIC_0009035,0.8530121052603145
ISIC_0009078,0.6473521519504796
ISIC_0009083,0.7359663973029703
ISIC_0009160,0.8584587260292219
ISIC_0009165,0.38953074663084414
ISIC_0009188,0.8068482021125157
ISIC_0009252,0.49677400708276737
ISIC_0009297,0.8706313216486518
ISIC_0009298,0.8460828943216047
ISIC_0009344,0.8362983455117117
ISIC_0009430,0.8241051351750387
ISIC_0009504,0.7016971046934034
ISIC_0009533,0.4482271850094933
ISIC_0009564,0.5994781345276293
ISIC_0009583,0.6821293235470843
ISIC_0009599,0.6982373435706343
ISIC_0009758,0.8292733633800988
ISIC_0009860,0.36931687341459335
ISIC_0009868,0.7784052272463203
ISIC_0009869,0.7900495239035871
ISIC_0009870,0.863065797892149
ISIC_0009871,0.8276228095195847
ISIC_0009872,0.7970571255232141
ISIC_0009873,0.4213673235550348
ISIC_0009874,0.7347402161372502
ISIC_0009875,0.6963344058386622
ISIC_0009877,0.5186031837131329
ISIC_0009879,0.7972807825613063
ISIC_0009880,0.8460808898407484
ISIC_0009881,0.575619551174682
ISIC_0009882,0.674811719438323
ISIC_0009883,0.5675771648426086
ISIC_0009884,0.6607288222490405
ISIC_0009885,0.6712097504545932
ISIC_0009888,0.49768734186432007
ISIC_0009889,0.5837478839878942
ISIC_0009891,0.6262711232852628
ISIC_0009895,0.829948520607903
ISIC_0009896,0.6333074189870183
ISIC_0009897,0.5240429112826699
ISIC_0009898,0.8338126251654023
ISIC_0009899,0.7952651056860071
ISIC_0009901,0.49509420301675483
ISIC_0009902,0.8153730562637519
ISIC_0009905,0.34651175555013997
ISIC_0009906,0.5695061615131851
ISIC_0009909,0.8304918743947682
ISIC_0009910,0.659576293793621
ISIC_0009911,0.8782810737188086
ISIC_0009912,0.8634226133149723
ISIC_0009914,0.5576747816940409
ISIC_0009915,0.8332917150568018
ISIC_0009917,0.6021758306894679
ISIC_0009918,0.8165382751584799
ISIC_0009919,0.7181327799498531
ISIC_0009920,0.8547001687820948
ISIC_0009921,0.8171780097816722
ISIC_0009923,0.5399695846524217
ISIC_0009925,0.8448788642466825
ISIC_0009929,0.7389194456340094
ISIC_0009930,0.6540691166214976
ISIC_0009931,0.5319144256395043
ISIC_0009932,0.43967167517902994
ISIC_0009933,0.8689283006531902
ISIC_0009935,0.8454683581115138
ISIC_0009936,0.7536236073096697
ISIC_0009937,0.7497782093449243
ISIC_0009938,0.843882393392743
ISIC_0009939,0.5762901301528727
ISIC_0009940,0.45573180285821785
ISIC_0009941,0.6403021859872774
ISIC_0009942,0.8754715542233608
ISIC_0009943,0.672822026088635
ISIC_0009945,0.833358887941042
ISIC_0009946,0.8610797784646492
ISIC_0009947,0.85667169530846
ISIC_0009949,0.6849338822847809
ISIC_0009950,0.8225860219060553
ISIC_0009951,0.8378644381273465
ISIC_0009953,0.7494578417245255
ISIC_0009954,0.8269638939562918
ISIC_0009955,0.7259796336643699
ISIC_0009956,0.6615379715428982
ISIC_0009958,0.8636083139961163
ISIC_0009960,0.6546903814288596
ISIC_0009961,0.7696782840472456
ISIC_0009962,0.6842573658765848
ISIC_0009963,0.5560545470662428
ISIC_0009964,0.6570633051759405
ISIC_0009965,0.7531268943059821
ISIC_0009966,0.6955769695595834
ISIC_0009967,0.6688819252510062
ISIC_0009968,0.8209715896742483
ISIC_0009969,0.5422943890563378
ISIC_0009971,0.6056183442347227
ISIC_0009972,0.8408066410233078
ISIC_0009973,0.5955159015363912
ISIC_0009974,0.873091593340902
ISIC_0009975,0.8076877738799653
ISIC_0009976,0.8322909779012827
ISIC_0009977,0.8261629536133771
ISIC_0009979,0.8431764884772235
ISIC_0009981,0.6580871169625809
ISIC_0009982,0.8209294040847672
ISIC_0009987,0.7900277089831684
ISIC_0009991,0.6059679669732776
ISIC_0009993,0.47621456330894757
ISIC_0009994,0.5631181276606373
ISIC_0009998,0.8735563911446379
ISIC_0010000,0.4596736624828148
ISIC_0010002,0.8488393053519289
ISIC_0010003,0.766716222937252
ISIC_0010005,0.7035733608687816
ISIC_0010006,0.8376800949413709
ISIC_0010011,0.8321852403043853
ISIC_0010013,0.8401319810419061
ISIC_0010014,0.8002012444931663
ISIC_0010015,0.4860121286960489
ISIC_0010016,0.761986524349502
ISIC_0010017,0.8622106299523464
ISIC_0010018,0.6879563105463206
ISIC_0010019,0.4618138575760112
ISIC_0010020,0.772700349562063
ISIC_0010021,0.8490047691632295
ISIC_0010022,0.7318172467508566
ISIC_0010024,0.7831787382456771
ISIC_0010025,0.7835669285921948
ISIC_0010028,0.6676728509931439
ISIC_0010029,0.7139182865505678
ISIC_0010032,0.4465244481824603
ISIC_0010034,0.5648139845050395
ISIC_0010036,0.4008970456883099
ISIC_0010040,0.7974017961506035
ISIC_0010042,0.8472486927412374
ISIC_0010043,0.8023562424634404
ISIC_0010044,0.8913744731419471
ISIC_0010046,0.7518829563755409
ISIC_0010047,0.7587795440722844
ISIC_0010051,0.8684462412646577
ISIC_0010053,0.674282415207503
ISIC_0010054,0.7784052983708113
ISIC_0010055,0.8571696441906781
ISIC_0010057,0.836663110039344
ISIC_0010058,0.6107522411206359
ISIC_0010059,0.5139042825140702
ISIC_0010060,0.7724163188809845
ISIC_0010061,0.6506417090350811
ISIC_0010062,0.8462348808841049
ISIC_0010063,0.8002793433703678
ISIC_0010064,0.5119048776153787
ISIC_0010066,0.5505465924478482
ISIC_0010067,0.646104668860857
ISIC_0010069,0.6795574258137022
ISIC_0010070,0.824845046495789
ISIC_0010074,0.7999439848917158
ISIC_0010075,0.7946967442372523
ISIC_0010077,0.6680308961420854
ISIC_0010078,0.807895272300667
ISIC_0010080,0.6023286091401875
ISIC_0010081,0.8578967752158473
ISIC_0010086,0.39578754262592564
ISIC_0010087,0.6434090301599943
ISIC_0010088,0.653001379554613
ISIC_0010089,0.7711429465614263
ISIC_0010090,0.7416720615564592
ISIC_0010092,0.649581975012307
ISIC_0010093,0.7083764970435061
ISIC_0010094,0.5946464330742478
ISIC_0010100,0.8386624881939099
ISIC_0010102,0.837428016470482
ISIC_0010104,0.536828950841597
ISIC_0010105,0.860519298803131
ISIC_0010168,0.50888168634264
ISIC_0010170,0.5168141097298649
ISIC_0010171,0.7731468619527003
ISIC_0010173,0.8443284238666164
ISIC_0010174,0.8327916044844533
ISIC_0010176,0.5989152178026803
ISIC_0010177,0.6779566388777954
ISIC_0010178,0.7112856548765235
ISIC_0010180,0.83702274905161
ISIC_0010182,0.47267443037552737
ISIC_0010184,0.29744152870560064
ISIC_0010185,0.46342290882918225
ISIC_0010186,0.8302637254506795
ISIC_0010187,0.5108964555182149
ISIC_0010191,0.5972300489130686
ISIC_0010192,0.8133396758115234
ISIC_0010193,0.8695921961374713
ISIC_0010194,0.814067382720736
ISIC_0010201,0.7619973194221052
ISIC_0010202,0.6674817239608427
ISIC_0010205,0.7282501136973355
ISIC_0010206,0.7179204815952541
ISIC_0010207,0.49386918960266263
ISIC_0010212,0.469775387094505
ISIC_0010213,0.8503618002049504
ISIC_0010215,0.8375164897352292
ISIC_0010216,0.871259856926756
ISIC_0010219,0.8607290754018778
ISIC_0010220,0.5530761147428714
ISIC_0010222,0.7936944824323968
ISIC_0010225,0.5395673526304995
ISIC_0010227,0.4845221918694684
ISIC_0010229,0.6219648753577817
ISIC_0010231,0.6651992013323814
ISIC_0010233,0.8286439403295132
ISIC_0010234,0.8092782798812954
ISIC_0010236,0.47274544731741636
ISIC_0010237,0.7720074352273875
ISIC_0010240,0.30191983737400374
ISIC_0010241,0.6274284734899858
ISIC_0010244,0.7955411925081805
ISIC_0010246,0.38325508870465885
ISIC_0010247,0.40833036634030295
ISIC_0010248,0.8834668480472211
ISIC_0010249,0.796084407081176
ISIC_0010251,0.7381046527662254
ISIC_0010254,0.8735961074538112
ISIC_0010255,0.7869253585589921
ISIC_0010256,0.7511063268126934
ISIC_0010257,0.8457027665713598
ISIC_0010261,0.39047121800720996
ISIC_0010262,0.5971856805007424
ISIC_0010264,0.8284167253354169
ISIC_0010265,0.37979858353379176
ISIC_0010267,0.7277590906030618
ISIC_0010317,0.611953226683407
ISIC_0010318,0.5578362862603665
ISIC_0010320,0.7822633835080668
ISIC_0010326,0.8121048598157846
ISIC_0010327,0.8817425904905107
ISIC_0010329,0.7705918250519482
ISIC_0010330,0.2875426676243412
ISIC_0010332,0.7927400482962624
ISIC_0010333,0.8350038289758674
ISIC_0010334,0.4230485479349245
ISIC_0010336,0.765151242719307
ISIC_0010337,0.8124036021950845
ISIC_0010339,0.5128902468768733
ISIC_0010340,0.49699794868661895
ISIC_0010341,0.7527460947116962
ISIC_0010342,0.7542504216863286
ISIC_0010344,0.5068802180230343
ISIC_0010346,0.862006281871488
ISIC_0010348,0.7650445763107453
ISIC_0010350,0.5778016815700364
ISIC_0010351,0.5392963390300368
ISIC_0010356,0.8570021049949533
ISIC_0010357,0.8368036918881252
ISIC_0010358,0.8274097106144475
ISIC_0010360,0.7808713876840708
ISIC_0010362,0.6930065354415441
ISIC_0010364,0.5478771555797238
ISIC_0010365,0.5278807557022063
ISIC_0010367,0.8628762447711863
ISIC_0010368,0.6591008737556383
ISIC_0010370,0.8850838643990371
ISIC_0010371,0.39257929077273845
ISIC_0010372,0.3462259677030085
ISIC_0010374,0.5712367468191559
ISIC_0010379,0.827024445047146
ISIC_0010382,0.8253755375917976
ISIC_0010435,0.40760580553104253
ISIC_0010441,0.8837514189371344
ISIC_0010442,0.6466658020799679
ISIC_0010443,0.6535802669825012
ISIC_0010444,0.5904623675690266
ISIC_0010447,0.7657375227622201
ISIC_0010448,0.8719003601944437
ISIC_0010449,0.7709047761299274
ISIC_0010452,0.49226428712427156
ISIC_0010455,0.7551614102975567
ISIC_0010456,0.5419465586061112
ISIC_0010458,0.5973100929181361
ISIC_0010460,0.8670760270405795
ISIC_0010461,0.410258044188837
ISIC_0010463,0.7050203864599581
ISIC_0010465,0.5503445542346973
ISIC_0010466,0.5254524292832992
ISIC_0010467,0.8189950597562955
ISIC_0010468,0.41717740597427083
ISIC_0010471,0.6773572567324372
ISIC_0010472,0.5872047111045625
ISIC_0010473,0.4192279327055954
ISIC_0010474,0.6352747112464263
ISIC_0010475,0.4649323836362553
ISIC_0010476,0.3586286536949885
ISIC_0010477,0.7679253550647992
ISIC_0010479,0.8284404600883085
ISIC_0010480,0.84459088529524
ISIC_0010481,0.6507772273232143
ISIC_0010483,0.49198104622738503
ISIC_0010487,0.49251180314228077
ISIC_0010488,0.7982441256530903
ISIC_0010490,0.8460494830011088
ISIC_0010492,0.7537325261172729
ISIC_0010493,0.4648727727212247
ISIC_0010494,0.8211061024393412
ISIC_0010497,0.8465876199152979
ISIC_0010498,0.880334940753438
ISIC_0010552,0.47384167640881875
ISIC_0010553,0.506606544447131
ISIC_0010554,0.39670239589982376
ISIC_0010557,0.5270814240724276
ISIC_0010558,0.49909940866695757
ISIC_0010562,0.8748217204784222
ISIC_0010565,0.8672204410098958
ISIC_0010566,0.842795126944484
ISIC_0010567,0.5341154529144636
ISIC_0010568,0.6786017071527695
ISIC_0010569,0.6711491016719019
ISIC_0010570,0.545527187635408
ISIC_0010571,0.6716242470524566
ISIC_0010573,0.8251216221691157
ISIC_0010574,0.7479534270456724
ISIC_0010575,0.6288114502424929
ISIC_0010581,0.42376088661868444
ISIC_0010582,0.4389370803764623
ISIC_0010584,0.8593684746543568
ISIC_0010585,0.6761654703467711
ISIC_0010586,0.5783072468207469
ISIC_0010587,0.6563523627957516
ISIC_0010588,0.7722348653263545
ISIC_0010589,0.7720618349588086
ISIC_0010590,0.7191386209626033
ISIC_0010591,0.3671628724736498
ISIC_0010592,0.7053578019636559
ISIC_0010593,0.8727841839517468
ISIC_0010595,0.8164958051344198
ISIC_0010596,0.8011839011105156
ISIC_0010597,0.6271220872404991
ISIC_0010598,0.7044083968057542
ISIC_0010599,0.4594430432006864
ISIC_0010602,0.7786674592717523
ISIC_0010603,0.7484532906293905
ISIC_0010606,0.5696770676718201
ISIC_0010607,0.5803321529052065
ISIC_0010844,0.6805106656080677
ISIC_0010846,0.852995105192643
ISIC_0010847,0.8763195627955501
ISIC_0010848,0.8645234232035927
ISIC_0010850,0.87140047940613
ISIC_0010851,0.4149186021161317
ISIC_0010852,0.6537038789690665
ISIC_0010853,0.6104544349489807
ISIC_0010854,0.8318439359237954
ISIC_0010856,0.48014214905595887
ISIC_0010857,0.8413274354298843
ISIC_0010858,0.8703199209959294
ISIC_0010860,0.6668596943625464
ISIC_0010861,0.582949568632416
ISIC_0010862,0.8537256414281579
ISIC_0010863,0.4051800501326329
ISIC_0010864,0.5197585344793826
ISIC_0011079,0.5148372186697224
ISIC_0011082,0.662498598794822
ISIC_0011083,0.7582442187101595
ISIC_0011085,0.848216615847847
ISIC_0011088,0.8256694309802212
ISIC_0011089,0.8636835514014529
ISIC_0011090,0.8384549153401692
ISIC_0011095,0.761931996323848
ISIC_0011097,0.55581268531909
ISIC_0011098,0.7842048158484899
ISIC_0011099,0.6159299864583062
ISIC_0011101,0.8520285331513036
ISIC_0011102,0.8441455972950463
ISIC_0011107,0.8422607690494498
ISIC_0011110,0.6514860776860952
ISIC_0011112,0.8314056772937352
ISIC_0011114,0.8746467866421036
ISIC_0011115,0.6580444417469508
ISIC_0011117,0.8508355880738895
ISIC_0011118,0.4748779268448838
ISIC_0011119,0.6769118731908322
ISIC_0011121,0.6150800383445575
ISIC_0011123,0.5051295223918244
ISIC_0011124,0.5661154695135128
ISIC_0011126,0.6566768667653835
ISIC_0011127,0.49626556529260774
ISIC_0011130,0.41140207685427405
ISIC_0011131,0.3975354988979082
ISIC_0011132,0.7937321093171625
ISIC_0011135,0.48666507565068456
ISIC_0011136,0.8005449933428471
ISIC_0011137,0.59493212707092
ISIC_0011140,0.5990408107655065
ISIC_0011143,0.6990681036830312
ISIC_0011144,0.7603962247092615
ISIC_0011145,0.8835228505973403
ISIC_0011146,0.8545084674422657
ISIC_0011155,0.7996833176678378
ISIC_0011157,0.6463518726024763
ISIC_0011158,0.852235201586837
ISIC_0011159,0.8162306715979231
ISIC_0011161,0.7658052311110678
ISIC_0011162,0.3824720165541772
ISIC_0011163,0.8016139459364969
ISIC_0011164,0.26995547852767104
ISIC_0011165,0.7633655370864892
ISIC_0011166,0.38194125683065594
ISIC_0011167,0.8155882438736237
ISIC_0011168,0.6357931017188323
ISIC_0011169,0.7638109117746322
ISIC_0011170,0.7117184285110418
ISIC_0011171,0.6538620153794071
ISIC_0011173,0.5411264751918597
ISIC_0011176,0.5373482620488558
ISIC_0011177,0.460656708854999
ISIC_0011199,0.6568977878389178
ISIC_0011203,0.8316637831424817
ISIC_0011204,0.7986235906973688
ISIC_0011205,0.7236923154206445
ISIC_0011207,0.8639224656679813
ISIC_0011208,0.44058698146144115
ISIC_0011210,0.756278855320752
ISIC_0011211,0.6167797125452671
ISIC_0011212,0.7386814318370345
ISIC_0011213,0.8183394555731953
ISIC_0011214,0.5279734070457995
ISIC_0011215,0.6152567104432707
ISIC_0011217,0.8680552070971981
ISIC_0011218,0.8895786752420014
ISIC_0011219,0.6809087156572357
ISIC_0011220,0.5176422796785131
ISIC_0011223,0.6952019897411742
ISIC_0011224,0.7373852401478148
ISIC_0011225,0.6305608004952272
ISIC_0011227,0.823797544255861
ISIC_0011229,0.19337828888811257
ISIC_0011230,0.5370842914625997
ISIC_0011292,0.4606111824495589
ISIC_0011294,0.3713232230107421
ISIC_0011296,0.5021460008489582
ISIC_0011297,0.4156538407168796
ISIC_0011298,0.7024988603123329
ISIC_0011300,0.8279859804713535
ISIC_0011303,0.8274119229984923
ISIC_0011304,0.5616781191173162
ISIC_0011305,0.4031634864290948
ISIC_0011306,0.5020386799404497
ISIC_0011310,0.8742156915457968
ISIC_0011315,0.7951363782099171
ISIC_0011317,0.6532254763411731
ISIC_0011321,0.6307066937038793
ISIC_0011322,0.6954436937507142
ISIC_0011324,0.5841665679260862
ISIC_0011326,0.6691113702530741
ISIC_0011327,0.6713277674222027
ISIC_0011328,0.5187674924391077
ISIC_0011330,0.6707337357628796
ISIC_0011333,0.5306256221487468
ISIC_0011336,0.5332235842281028
ISIC_0011338,0.7867592746342548
ISIC_0011339,0.5054140882180851
ISIC_0011343,0.7687130198836771
ISIC_0011344,0.8197178463252047
ISIC_0011345,0.4091600163907543
ISIC_0011347,0.8023435949534478
ISIC_0011348,0.8638782492315069
ISIC_0011349,0.8101366711814505
ISIC_0011352,0.4443692878197559
ISIC_0011353,0.623625271234007
ISIC_0011358,0.4110781325308672
ISIC_0011359,0.4746303035993957
ISIC_0011361,0.7686869806096863
ISIC_0011362,0.42466671485472757
ISIC_0011363,0.8152221998211889
ISIC_0011366,0.8420133563035227
ISIC_0011367,0.8852122789683533
ISIC_0011372,0.5532234771269493
ISIC_0011382,0.5295364611246801
ISIC_0011384,0.42558224823603713
ISIC_0011386,0.869702624094255
ISIC_0011387,0.5082270604847781
ISIC_0011393,0.4429672687292574
ISIC_0011397,0.6752483981270234
ISIC_0011398,0.8359250393576425
ISIC_0011402,0.7530560578443701
ISIC_0012089,0.6525333702040016
ISIC_0012090,0.699623992273003
ISIC_0012094,0.6097621001404655
ISIC_0012097,0.5915026067010846
ISIC_0012102,0.6094235144914425
ISIC_0012103,0.5813372293556651
ISIC_0012105,0.5984198982492279
ISIC_0012107,0.3678562390020174
ISIC_0012108,0.5492052906390053
ISIC_0012116,0.818288928468979
ISIC_0012117,0.5125885461350449
ISIC_0012118,0.584325412628875
ISIC_0012135,0.2538732039532057
ISIC_0012137,0.6518498294468227
ISIC_0012141,0.574812791225284
ISIC_0012148,0.4400705702653903
ISIC_0012150,0.6068074905368739
ISIC_0012155,0.8204516868787803
ISIC_0012156,0.5306505316580294
ISIC_0012164,0.566423021935539
ISIC_0012167,0.8254291240572261
ISIC_0012170,0.8626306205288449
ISIC_0012172,0.7584386345966232
ISIC_0012173,0.5446034143959725
ISIC_0012175,0.5097217053823122
ISIC_0012177,0.6188002761377643
ISIC_0012179,0.15831129331190325
ISIC_0012182,0.6104533979081689
ISIC_0012183,0.5212855849056204
ISIC_0012187,0.559880540949982
ISIC_0012203,0.6127825729767113
ISIC_0012205,0.5673351054714723
ISIC_0012208,0.6454978029836963
ISIC_0012209,0.8405735905709728
ISIC_0012211,0.5600560285769407
ISIC_0012212,0.5870109191120908
ISIC_0012213,0.6307779198583675
ISIC_0012214,0.8349902761158282
ISIC_0012217,0.36898480189703364
ISIC_0012224,0.841297885405652
ISIC_0012227,0.8520526948115198
ISIC_0012228,0.8245693570472026
ISIC_0012230,0.6025637538374274
ISIC_0012232,0.605732570986016
ISIC_0012233,0.659731321535439
ISIC_0012235,0.6260335691275778
ISIC_0012237,0.4943661618900817
ISIC_0012238,0.8513984797030649
ISIC_0012245,0.8462826730788253
ISIC_0012246,0.6167611784274921
ISIC_0012250,0.6278080352511982
ISIC_0012253,0.545112404079155
ISIC_0012257,0.4943862358447181
ISIC_0012259,0.5160111840739985
ISIC_0012260,0.575719655233699
ISIC_0012261,0.8325384854931945
ISIC_0012263,0.8016156034693099
ISIC_0012268,0.16513263481948967
ISIC_0012271,0.604142971749856
ISIC_0012274,0.4096385833300847
ISIC_0012278,0.3302654566743277
ISIC_0012281,0.27230470874135554
ISIC_0012282,0.5510607873646832
ISIC_0012284,0.5081750142659133
ISIC_0012285,0.24521788632382832
ISIC_0012290,0.5028681723362738
ISIC_0012291,0.7975349232341309
ISIC_0012294,0.7152264573196054
ISIC_0012298,0.5766257767861978
ISIC_0012299,0.5845994214191071
ISIC_0012303,0.6384235122307435
ISIC_0012309,0.5590014726665737
ISIC_0012311,0.776167284953845
ISIC_0012318,0.42890005192924124
ISIC_0012320,0.5787006571298307
ISIC_0012322,0.512889427802215
ISIC_0012324,0.5780964974087652
ISIC_0012325,0.7477436838435177
ISIC_0012329,0.8090478323147506
ISIC_0012332,0.6117382090148743
ISIC_0012333,0.5206066882377612
ISIC_0012334,0.5792815065267121
ISIC_0012338,0.6018332787831063
ISIC_0012339,0.44161525537438445
ISIC_0012342,0.7130154404122183
ISIC_0012348,0.6804854843343117
ISIC_0012351,0.5540491785397212
ISIC_0012359,0.7381558521451427
ISIC_0012360,0.49554310075526087
ISIC_0012363,0.05613001125172735
ISIC_0012374,0.4635113774146547
ISIC_0012376,0.5938458064804933
ISIC_0012377,0.8624284064365363
ISIC_0012378,0.5797508557362973
ISIC_0012379,0.8442084112508107
ISIC_0012381,0.7720326281149754
ISIC_0012382,0.5916226653298688
ISIC_0012384,0.5860434150935949
ISIC_0012386,0.8430422672764559
ISIC_0012390,0.6346530321711722
ISIC_0012391,0.1760222488231478
ISIC_0012397,0.5197690259794662
ISIC_0012406,0.560332921864564
ISIC_0012413,0.6180821661637108
ISIC_0012415,0.8541493154667249
ISIC_0012416,0.8018524162388575
ISIC_0012433,0.7396248428090448
ISIC_0012435,0.6263912416129194
ISIC_0012442,0.6002519437988405
ISIC_0012445,0.2587885050079211
ISIC_0012450,0.5709982313405348
ISIC_0012452,0.5413775405608339
ISIC_0012453,0.49704772564263217
ISIC_0012455,0.592347547958447
ISIC_0012459,0.8593364050854392
ISIC_0012460,0.6285167639179279
ISIC_0012464,0.8454573700717355
ISIC_0012469,0.7637764405276456
ISIC_0012473,0.6876970671000896
ISIC_0012475,0.7183958931483306
ISIC_0012478,0.5962442488571031
ISIC_0012481,0.31309281710886233
ISIC_0012487,0.0889434025073481
ISIC_0012489,0.7932043696955595
ISIC_0012494,0.7847862824634881
ISIC_0012495,0.5925406725893996
ISIC_0012496,0.5965451117031889
ISIC_0012501,0.8530741365370813
ISIC_0012503,0.4862174862078019
ISIC_0012506,0.6072451866761317
ISIC_0012508,0.550235229689011
ISIC_0012511,0.5896443505252037
ISIC_0012512,0.6114033663860284
ISIC_0012516,0.5444903504334735
ISIC_0012517,0.8242637647957176
ISIC_0012518,0.7325366521782914
ISIC_0012520,0.514440892278491
ISIC_0012521,0.565035579350826
ISIC_0012523,0.14366472511555023
ISIC_0012526,0.5751466836768011
ISIC_0012527,0.4206626426599383
ISIC_0012529,0.6128656219155135
ISIC_0012539,0.6041368277872262
ISIC_0012543,0.8757317417672127
ISIC_0012544,0.6604423722378628
ISIC_0012549,0.5603647112396363
ISIC_0012550,0.5178858202012019
ISIC_0012653,0.6086236359888026
ISIC_0012655,0.6624840759563259
ISIC_0012657,0.5734712717724771
ISIC_0012658,0.6174739220644171
ISIC_0012659,0.6500911011854608
ISIC_0012661,0.8309953904591078
ISIC_0012662,0.6838484792959962
ISIC_0012663,0.591692875568345
ISIC_0012664,0.5614490262831251
ISIC_0012665,0.5812853662558752
ISIC_0012666,0.6310218581384782
ISIC_0012669,0.841026630176166
ISIC_0012670,0.19144209575043383
ISIC_0012671,0.14155029027915592
ISIC_0012672,0.5567203597745664
ISIC_0012673,0.5557564121165494
ISIC_0012674,0.5174056638870502
ISIC_0012675,0.610874118337069
ISIC_0012676,0.6191453881930111
ISIC_0012677,0.6118002881585601
ISIC_0012678,0.5224457449976172
ISIC_0012679,0.6615199276558258
ISIC_0012680,0.6304299930798968
ISIC_0012681,0.6173661923379029
ISIC_0012682,0.6167218609554501
ISIC_0012683,0.6969816708331663
ISIC_0012685,0.615630828117301
ISIC_0012690,0.5538763315586529
ISIC_0012692,0.6153413762206223
ISIC_0012693,0.6166777968159579
ISIC_0012696,0.855884858375352
ISIC_0012697,0.6247073615683022
ISIC_0012699,0.6160455671734163
ISIC_0012700,0.18958550686396783
ISIC_0012701,0.5354497217685806
ISIC_0012702,0.8493981248535278
ISIC_0012704,0.6058813472187016
ISIC_0012706,0.8122652488618923
ISIC_0012709,0.43910429481470487
ISIC_0012710,0.6112095445294585
ISIC_0012711,0.6460147424831965
ISIC_0012713,0.28210767812319715
ISIC_0012715,0.6086240788822228
ISIC_0012719,0.4830439673339271
ISIC_0012721,0.5767105524919399
ISIC_0012725,0.6467579376879334
ISIC_0012726,0.6396625187226292
ISIC_0012735,0.6191400993025993
ISIC_0012737,0.6318994999282102
ISIC_0012739,0.6600112943843636
ISIC_0012740,0.2615587356461613
ISIC_0012741,0.630785313143554
ISIC_0012742,0.55949954786295
ISIC_0012744,0.6524847298076508
ISIC_0012749,0.6187805253354186
ISIC_0012756,0.5820283438275419
ISIC_0012768,0.7760411505952388
ISIC_0012770,0.6246924890060933
ISIC_0012772,0.5582352125429801
ISIC_0012773,0.6399453444811288
ISIC_0012777,0.6221209300386789
ISIC_0012785,0.8235214051526011
ISIC_0012787,0.5763790523814952
ISIC_0012788,0.5824444146650355
ISIC_0012789,0.12870639355249489
ISIC_0012790,0.818819515972304
ISIC_0012792,0.5407881572685639
ISIC_0012793,0.5543697621249141
ISIC_0012800,0.8006558862603849
ISIC_0012804,0.7965526853302709
ISIC_0012806,0.8714346258096246
ISIC_0012810,0.09665465876038953
ISIC_0012811,0.5873950990629118
ISIC_0012813,0.8552583750403361
ISIC_0012814,0.5569557533701021
ISIC_0012823,0.6073089615480529
ISIC_0012826,0.5425330477490732
ISIC_0012827,0.6039775818070886
ISIC_0012828,0.6379497089264837
ISIC_0012833,0.8261503994767191
ISIC_0012835,0.6107445603262006
ISIC_0012840,0.5223392320802557
ISIC_0012844,0.5074498936207779
ISIC_0012845,0.6354465629952828
ISIC_0012851,0.603205020361272
ISIC_0012854,0.7185144390754717
ISIC_0012855,0.5763459230880619
ISIC_0012856,0.5756566922261757
ISIC_0012865,0.5455027929711005
ISIC_0012871,0.8377907608332302
ISIC_0012873,0.5966429052083733
ISIC_0012877,0.8278715051688191
ISIC_0012878,0.5801300044628454
ISIC_0012879,0.5726355023246449
ISIC_0012880,0.14721410099818444
ISIC_0012883,0.6184753329872708
ISIC_0012884,0.49068624954626416
ISIC_0012887,0.5663490513792315
ISIC_0012888,0.6067055097248332
ISIC_0012889,0.5678690184925274
ISIC_0012891,0.5701962316069874
ISIC_0012897,0.5702690936882833
ISIC_0012898,0.8549971643382582
ISIC_0012901,0.5706536343832108
ISIC_0012902,0.8170812205180984
ISIC_0012905,0.6174341563008315
ISIC_0012907,0.5693241281171442
ISIC_0012911,0.6720479739002158
ISIC_0012930,0.46645414973197324
ISIC_0012932,0.6748680415934675
ISIC_0012939,0.643946334489627
ISIC_0012940,0.8122935187101161
ISIC_0012944,0.5686206391289357
ISIC_0012945,0.3992868794235752
ISIC_0012949,0.6142153425755398
ISIC_0012950,0.6194256732099875
ISIC_0012952,0.5093823791732472
ISIC_0012957,0.8666877992581854
ISIC_0012961,0.5185744064661592
ISIC_0012962,0.8537433103800657
ISIC_0012966,0.3720308347065902
ISIC_0012969,0.8051624104411321
ISIC_0012970,0.8548045595541679
ISIC_0012976,0.6044546369390527
ISIC_0012981,0.12284858850444975
ISIC_0012982,0.6264301443438512
ISIC_0012986,0.850416701537842
ISIC_0012987,0.504024618307978
ISIC_0012988,0.5599951047549242
ISIC_0012990,0.5658838838034168
ISIC_0012998,0.8035708369792371
ISIC_0012999,0.6438272600476281
ISIC_0013000,0.8573900526645696
ISIC_0013001,0.878104636849832
ISIC_0013007,0.5696857126162314
ISIC_0013012,0.5214398654765205
ISIC_0013014,0.6434046289609209
ISIC_0013015,0.5974979396013987
ISIC_0013023,0.6224860532438863
ISIC_0013024,0.8660536965396779
ISIC_0013025,0.6447910073600994
ISIC_0013026,0.5716549227993051
ISIC_0013027,0.4791006986804098
ISIC_0013031,0.7883066619592318
ISIC_0013032,0.5775612304606004
ISIC_0013033,0.42854667332504276
ISIC_0013034,0.6842352485095954
ISIC_0013037,0.5853428522759692
ISIC_0013039,0.6027587585457627
ISIC_0013040,0.5179201066232609
ISIC_0013044,0.5795689489642469
ISIC_0013047,0.595358469627174
ISIC_0013048,0.6243643118808295
ISIC_0013052,0.8638403490016993
ISIC_0013053,0.6014018431210011
ISIC_0013054,0.5603701804604688
ISIC_0013055,0.6249378749552766
ISIC_0013056,0.7934393001426001
ISIC_0013059,0.6261292091799111
ISIC_0013063,0.8394107080332636
ISIC_0013065,0.22353834167441541
ISIC_0013071,0.6140472655934399
ISIC_0013075,0.6010265595777997
ISIC_0013079,0.7997473791951741
ISIC_0013080,0.8802939487116206
ISIC_0013084,0.5721678180985985
ISIC_0013086,0.6112028564323195
ISIC_0013087,0.2743860620280494
ISIC_0013088,0.756035256038392
ISIC_0013089,0.8212900741036503
ISIC_0013090,0.5660960005908139
ISIC_0013092,0.8028733454999932
ISIC_0013094,0.8109945375252328
ISIC_0013096,0.09978347591278033
ISIC_0013097,0.5908371750617759
ISIC_0013106,0.5882487770188561
ISIC_0013112,0.5813889158031696
ISIC_0013114,0.8403093603790959
ISIC_0013118,0.5298541554602103
ISIC_0013120,0.8297909649061782
ISIC_0013121,0.5303518561490661
ISIC_0013124,0.8507099150662196
ISIC_0013126,0.5945617696045327
ISIC_0013129,0.8781706519741919
ISIC_0013134,0.8592442866796987
ISIC_0013136,0.6390209633923891
ISIC_0013140,0.5878226071904056
ISIC_0013141,0.8740839292894839
ISIC_0013146,0.3390423745776949
ISIC_0013147,0.5701492594157801
ISIC_0013150,0.6480101896614576
ISIC_0013155,0.6402993392945482
ISIC_0013160,0.7869553026987731
ISIC_0013163,0.2269196409433172
ISIC_0013165,0.5067851122827786
ISIC_0013166,0.541868575622772
ISIC_0013167,0.5743348869458775
ISIC_0013172,0.5443131368097684
ISIC_0013173,0.8408084637008879
ISIC_0013174,0.6020920649518032
ISIC_0013177,0.7937940267715705
ISIC_0013178,0.5498518407902838
ISIC_0013181,0.8004225224477164
ISIC_0013184,0.5596287789163616
ISIC_0013187,0.5416479846162254
ISIC_0013189,0.7744629354845661
ISIC_0013190,0.5875240628836572
ISIC_0013192,0.6383420013595238
ISIC_0013193,0.7317475360981525
ISIC_0013196,0.8637893997833143
ISIC_0013197,0.6087507747013026
ISIC_0013198,0.6160641052605563
ISIC_0013200,0.5960651202394823
ISIC_0013201,0.8532087970159328
ISIC_0013204,0.3128909757798449
ISIC_0013205,0.8471226101234577
ISIC_0013207,0.8099701287447463
ISIC_0013208,0.5468893789131984
ISIC_0013212,0.8094034351418817
ISIC_0013213,0.535828232216285
ISIC_0013217,0.29506846642396256
ISIC_0013219,0.5981293908748856
ISIC_0013220,0.5561619922755738
ISIC_0013222,0.6073992886311455
ISIC_0013223,0.5800673946066605
ISIC_0013224,0.5988654572640698
ISIC_0013227,0.58240282358773
ISIC_0013229,0.5587146085272947
ISIC_0013233,0.24104596324204747
ISIC_0013235,0.5873293152721712
ISIC_0013236,0.1133119439875986
ISIC_0013238,0.5249918252941533
ISIC_0013243,0.8474545400647078
ISIC_0013244,0.4957385765706652
ISIC_0013248,0.6108779636340118
ISIC_0013249,0.8424869869912881
ISIC_0013257,0.8597256225038369
ISIC_0013258,0.5893308344861959
ISIC_0013268,0.8365764360103904
ISIC_0013274,0.6039907252319592
ISIC_0013275,0.661656508141911
ISIC_0013287,0.5709002295218429
ISIC_0013288,0.5411826062843786
ISIC_0013294,0.5571542693796123
ISIC_0013302,0.19974989922844266
ISIC_0013304,0.8775609610344446
ISIC_0013306,0.8597252905458785
ISIC_0013310,0.8753807922515374
ISIC_0013311,0.6344133873968137
ISIC_0013314,0.6187983472208851
ISIC_0013315,0.8802502444723825
ISIC_0013316,0.5254005601274203
ISIC_0013320,0.5976957760048983
ISIC_0013326,0.8551645859938973
ISIC_0013329,0.6311289365672442
ISIC_0013330,0.5528151191373766
ISIC_0013333,0.5470463558164566
ISIC_0013334,0.8498343588410898
ISIC_0013335,0.5284864862765846
ISIC_0013340,0.08545696042135674
ISIC_0013341,0.8496171032620881
ISIC_0013342,0.5993971616760618
ISIC_0013346,0.7681648911907819
ISIC_0013355,0.6054075721359793
ISIC_0013356,0.3526850815042463
ISIC_0013359,0.8331913157791245
ISIC_0013360,0.863004811067051
ISIC_0013364,0.5950047075998828
ISIC_0013365,0.6133050400498371
ISIC_0013369,0.2020760367760901
ISIC_0013370,0.6446206675914167
ISIC_0013371,0.47827240160636114
ISIC_0013378,0.8032894846957381
ISIC_0013383,0.6597710332068375
ISIC_0013385,0.5521304052462066
ISIC_0013390,0.6213912320184996
ISIC_0013394,0.5896314221734136
ISIC_0013395,0.5899000061888954
ISIC_0013397,0.8603745540036336
ISIC_0013398,0.12309148863393388
ISIC_0013400,0.8095963228117132
ISIC_0013403,0.5950225828877425
ISIC_0013405,0.5976839759346334
ISIC_0013409,0.8424445029232551
ISIC_0013410,0.5438851383304638
ISIC_0013417,0.6633508244164087
ISIC_0013423,0.8532781680618451
ISIC_0013424,0.9032427917136744
ISIC_0013425,0.5867277649842115
ISIC_0013427,0.5821391600922988
ISIC_0013428,0.5094699273113933
ISIC_0013429,0.5428045820425516
ISIC_0013430,0.5959177170608906
ISIC_0013432,0.5956866014838194
ISIC_0013433,0.619276582862668
ISIC_0013434,0.1645553763804219
ISIC_0013437,0.5336656097575505
ISIC_0013438,0.5833426218889278
ISIC_0013443,0.861945089727098
ISIC_0013456,0.3140944957868331
ISIC_0013458,0.6113450899791417
ISIC_0013461,0.8470807244584003
ISIC_0013474,0.05032376286179951
ISIC_0013480,0.6080894502545576
ISIC_0013486,0.5452390928664023
ISIC_0013487,0.29529721984005664
ISIC_0013488,0.8717055025557984
ISIC_0013489,0.5529810002919388
ISIC_0013490,0.5199799901312369
ISIC_0013492,0.5655392124836666
ISIC_0013493,0.053939859053576754
ISIC_0013494,0.5423595757323303
ISIC_0013495,0.4841835047176788
ISIC_0013497,0.5171625078860096
ISIC_0013498,0.5217222629111661
ISIC_0013499,0.52552750382288
ISIC_0013500,0.5484583589042433
ISIC_0013516,0.8652702850846529
ISIC_0013517,0.6192899461768908
ISIC_0013523,0.5857456064707434
ISIC_0013525,0.39922392864585293
ISIC_0013526,0.46193668702539503
ISIC_0013530,0.8634594227559323
ISIC_0013552,0.22334584082812844
ISIC_0013553,0.5483420732245416
ISIC_0013554,0.6432705853053307
ISIC_0013558,0.8425430249867802
ISIC_0013559,0.517239081015328
ISIC_0013567,0.8563349890247326
ISIC_0013568,0.526538070921389
ISIC_0013572,0.5300413324146868
ISIC_0013573,0.05123431906443291
ISIC_0013578,0.2831738608537803
ISIC_0013579,0.38689050990662893
ISIC_0013580,0.637862640655016
ISIC_0013581,0.5428100008277894
ISIC_0013584,0.8537624056759554
ISIC_0013585,0.3668027097373618
ISIC_0013592,0.6261989309106907
ISIC_0013594,0.49925491474808803
ISIC_0013595,0.3331622331006138
ISIC_0013596,0.7637735334250739
ISIC_0013597,0.5949482136663357
ISIC_0013599,0.5708269732549226
ISIC_0013601,0.5387908436769286
ISIC_0013603,0.6124288906001115
ISIC_0013606,0.5994806215131645
ISIC_0013610,0.5628074249876658
ISIC_0013618,0.03083151098123907
ISIC_0013621,0.47902622435281617
ISIC_0013625,0.5970425429212095
ISIC_0013626,0.4781323458579564
ISIC_0013634,0.8636851596908633
ISIC_0013635,0.5198082839058675
ISIC_0013639,0.5556565376509437
ISIC_0013643,0.6019493571943052
ISIC_0013652,0.6656763744477313
ISIC_0013656,0.6946194045767472
ISIC_0013664,0.047162720839779015
ISIC_0013667,0.4782432792247762
ISIC_0013670,0.28315009439521255
ISIC_0013671,0.5919214366641611
ISIC_0013672,0.6767736253816764
ISIC_0013674,0.7047351756038452
ISIC_0013675,0.5743087812849236
ISIC_0013676,0.6150286503075831
ISIC_0013680,0.856654064360002
ISIC_0013682,0.5261883630543612
ISIC_0013684,0.846446460516361
ISIC_0013685,0.7163009413107175
ISIC_0013687,0.6217212097812733
ISIC_0013688,0.5472059042040527
ISIC_0013689,0.6020070838581646
ISIC_0013690,0.858684481298977
ISIC_0013691,0.5596340751380999
ISIC_0013695,0.5098503154693502
ISIC_0013706,0.7646776279935235
ISIC_0013707,0.7435625895181301
ISIC_0013709,0.7797776361558741
ISIC_0013712,0.5919448740616176
ISIC_0013713,0.5613379302224802
ISIC_0013719,0.5577343310383085
ISIC_0013721,0.8312232590259193
ISIC_0013725,0.8145880963727398
ISIC_0013731,0.5725059676086894
ISIC_0013737,0.6158358659733185
ISIC_0013740,0.8182475982447166
ISIC_0013742,0.67091165895483
ISIC_0013747,0.875186127083513
ISIC_0013748,0.5287836214349654
ISIC_0013749,0.5528592691146635
ISIC_0013758,0.7831823580921675
ISIC_0013762,0.4809144251091992
ISIC_0013765,0.7778596235237524
ISIC_0013772,0.5817682813682682
ISIC_0013775,0.604607858669555
ISIC_0013777,0.5296584628202944
ISIC_0013778,0.3702966713155622
ISIC_0013782,0.5508294457557465
ISIC_0013783,0.8291645809921916
ISIC_0013789,0.5773884408017584
ISIC_0013792,0.6543733441937268
ISIC_0013795,0.8124062398526956
ISIC_0013796,0.6507261033550851
ISIC_0013797,0.5226131171978823
ISIC_0013798,0.5719745598866344
ISIC_0013799,0.26900298437061737
ISIC_0013800,0.5374063835977899
ISIC_0013801,0.10335990899623096
ISIC_0013802,0.6199337122742381
ISIC_0013803,0.5490036544868123
ISIC_0013804,0.6247856862732448
ISIC_0013805,0.8457575339095291
ISIC_0013806,0.6269115815948395
ISIC_0013807,0.6427236555061121
ISIC_0013808,0.10746952712230576
ISIC_0013815,0.4965796955288115
ISIC_0013816,0.7912149352560067
ISIC_0013817,0.606726766355273
ISIC_0013819,0.5077067765892815
ISIC_0013830,0.6432337454330187
ISIC_0013831,0.5788394359740163
ISIC_0013832,0.7713894074391523
ISIC_0013835,0.8266010721609383
ISIC_0013836,0.6138318999451126
ISIC_0013837,0.6527152661715548
ISIC_0013839,0.6387061701772953
ISIC_0013840,0.8320231913563778
ISIC_0013841,0.5378363032037221
ISIC_0013843,0.6169358897485234
ISIC_0013844,0.5155934716118988
ISIC_0013845,0.5310199519254135
ISIC_0013861,0.6875395639759737
ISIC_0013862,0.7391040260592284
ISIC_0013864,0.5425978489266535
ISIC_0013865,0.5335979615659908
ISIC_0013874,0.5783125552412365
ISIC_0013876,0.2072773038966757
ISIC_0013879,0.6371056637121951
ISIC_0013886,0.22379384784390924
ISIC_0013888,0.5744653522849372
ISIC_0013890,0.784310285157109
ISIC_0013896,0.5206517177437133
ISIC_0013910,0.6355993100846514
ISIC_0013918,0.6120841281051888
ISIC_0013921,0.5334463019879032
ISIC_0013922,0.5432953477364433
ISIC_0013927,0.5376258871701569
ISIC_0013929,0.7116631328230151
ISIC_0013933,0.8023368419683938
ISIC_0013935,0.17813295055591927
ISIC_0013936,0.6244975299856065
ISIC_0013942,0.8607537772198822
ISIC_0013946,0.7193521142065296
ISIC_0013958,0.6325334437876144
ISIC_0013961,0.8560768991265185
ISIC_0013962,0.6423136501698462
ISIC_0013965,0.8706371409719618
ISIC_0013967,0.5751384895470834
ISIC_0013969,0.5431845294357329
ISIC_0013970,0.607588451350311
ISIC_0013971,0.3417667717231456
ISIC_0013972,0.747782030697514
ISIC_0013975,0.7865019977256841
ISIC_0013980,0.5879575191871106
ISIC_0013981,0.8292517617864933
ISIC_0013982,0.8713722173486063
ISIC_0013983,0.5392280284559652
ISIC_0013984,0.6071071056442487
ISIC_0013986,0.8289473727286023
ISIC_0013995,0.4920002930032829
ISIC_0013996,0.8129657127109562
ISIC_0013997,0.5829511908827458
ISIC_0014001,0.5681951414558017
ISIC_0014004,0.49726559670505777
ISIC_0014013,0.5564310757272547
ISIC_0014026,0.5898597177308107
ISIC_0014028,0.5772540211709587
ISIC_0014029,0.5379405303500738
ISIC_0014031,0.2994116070234374
ISIC_0014032,0.8594501466429367
ISIC_0014044,0.8427940646915363
ISIC_0014045,0.7621025846100719
ISIC_0014046,0.5873765077877338
ISIC_0014049,0.4757595833424216
ISIC_0014061,0.5108021000597864
ISIC_0014062,0.4837108506100193
ISIC_0014066,0.4996391076927386
ISIC_0014069,0.8379281727209041
ISIC_0014072,0.8325872454175127
ISIC_0014073,0.0230658615006731
ISIC_0014074,0.827879399005126
ISIC_0014076,0.5299721415406323
ISIC_0014079,0.5077256156968982
ISIC_0014080,0.5638203966005382
ISIC_0014081,0.500847457017923
ISIC_0014082,0.7150352748623141
ISIC_0014083,0.8504611242930858
ISIC_0014088,0.5213555758116319
ISIC_0014089,0.16576963398440783
ISIC_0014092,0.5878771037433168
ISIC_0014093,0.579391576162485
ISIC_0014094,0.2997834206934057
ISIC_0014099,0.05322401409049637
ISIC_0014108,0.6847720544653199
ISIC_0014114,0.8309972934617448
ISIC_0014120,0.5056319903431372
ISIC_0014127,0.4976630713569574
ISIC_0014131,0.832264223761052
ISIC_0014132,0.8733878523825467
ISIC_0014133,0.5769480506489039
ISIC_0014136,0.566087357135596
ISIC_0014144,0.5614985572155227
ISIC_0014149,0.8424488382773004
ISIC_0014150,0.53825411092152
ISIC_0014151,0.7192355269806033
ISIC_0014156,0.22682190109657457
ISIC_0014157,0.42292279564327984
ISIC_0014158,0.24928782538450642
ISIC_0014163,0.37797398008255484
ISIC_0014164,0.4977511489381198
ISIC_0014166,0.03634635432226184
ISIC_0014169,0.8387028376539066
ISIC_0014171,0.6686963357112558
ISIC_0014173,0.051798747851020094
ISIC_0014174,0.6324735230177078
ISIC_0014179,0.5399293677305036
ISIC_0014183,0.6787870803234216
ISIC_0014185,0.5872081398813415
ISIC_0014187,0.7694018843806215
ISIC_0014189,0.5657884947449487
ISIC_0014190,0.034016008456740084
ISIC_0014191,0.7179936907082075
ISIC_0014195,0.5930925111704405
ISIC_0014197,0.5817107999458083
ISIC_0014216,0.5294155191920572
ISIC_0014222,0.7728327473114429
ISIC_0014225,0.10456952217209443
ISIC_0014229,0.6014375879979394
ISIC_0014238,0.6125368552090493
ISIC_0014248,0.12383102923830067
ISIC_0014249,0.3801732371499718
ISIC_0014253,0.6084949668108445
ISIC_0014263,0.6320348914648083
ISIC_0014264,0.5307861897761891
ISIC_0014272,0.8481870273540264
ISIC_0014273,0.5138835837282465
ISIC_0014274,0.5800772750357786
ISIC_0014286,0.6065874633855206
ISIC_0014289,0.5593447961114175
ISIC_0014290,0.6149771062850621
ISIC_0014291,0.8038998953373597
ISIC_0014299,0.8302741754024184
ISIC_0014308,0.5510549428904322
ISIC_0014311,0.5306918409883669
ISIC_0014316,0.4787652938592488
ISIC_0014317,0.555586858772475
ISIC_0014324,0.7782621568684337
ISIC_0014325,0.4971676512827683
ISIC_0014327,0.6835269843745527
ISIC_0014328,0.6275458400907624
ISIC_0014331,0.817636374386175
ISIC_0014337,0.41199088631502423
ISIC_0014341,0.5771770886031216
ISIC_0014346,0.5700061347341324
ISIC_0014347,0.7032269610418352
ISIC_0014353,0.6267751632715546
ISIC_0014357,0.5450116927588744
ISIC_0014360,0.5013373411504167
ISIC_0014361,0.6341127426091806
ISIC_0014365,0.5532261388885819
ISIC_0014366,0.4470603622279057
ISIC_0014372,0.6247114643869679
ISIC_0014385,0.7053205886259207
ISIC_0014393,0.8807126100401851
ISIC_0014394,0.5286704271028754
ISIC_0014395,0.5150712017999243
ISIC_0014397,0.5471252277189309
ISIC_0014410,0.5319846744587514
ISIC_0014422,0.3720626037540732
ISIC_0014430,0.5028263136518276
ISIC_0014431,0.6374259339539758
ISIC_0014432,0.8241434578989942
ISIC_0014433,0.3851249472892374
ISIC_0014438,0.5782280978221579
ISIC_0014440,0.6536079050794982
ISIC_0014441,0.581841165720869
ISIC_0014453,0.5980934388960314
ISIC_0014458,0.5841449513243827
ISIC_0014469,0.5952592022873352
ISIC_0014473,0.8295865830080452
ISIC_0014475,0.17514459004977656
ISIC_0014476,0.39452303784983295
ISIC_0014480,0.7649513088119007
ISIC_0014486,0.5644627692490282
ISIC_0014490,0.17592973871694695
ISIC_0014498,0.5817413790953802
ISIC_0014501,0.48259288283696017
ISIC_0014502,0.5136152975599749
ISIC_0014504,0.5927176234230422
ISIC_0014507,0.5159198948716935
ISIC_0014511,0.799775803420109
ISIC_0014515,0.5893230741767382
ISIC_0014516,0.6119648940915103
ISIC_0014518,0.8194701328355635
ISIC_0014522,0.5921023491148976
ISIC_0014525,0.781791839770763
ISIC_0014526,0.5842093118745192
ISIC_0014527,0.8281686363030839
ISIC_0014529,0.6387982176199548
ISIC_0014535,0.6405989595500061
ISIC_0014537,0.8341169419514148
ISIC_0014543,0.4420225140959936
ISIC_0014545,0.6288248613847346
ISIC_0014547,0.8612312075453907
ISIC_0014554,0.566015307090071
ISIC_0014557,0.566264139855359
ISIC_0014569,0.5296641275649507
ISIC_0014570,0.0768016582289748
ISIC_0014571,0.6219378590347787
ISIC_0014573,0.098998355517147
ISIC_0014576,0.5242511528317242
ISIC_0014577,0.4901417680263062
ISIC_0014578,0.4347802559454922
ISIC_0014579,0.5436459760090588
ISIC_0014580,0.6378352328003581
ISIC_0014581,0.7217391534914467
ISIC_0014582,0.71227635141447
ISIC_0014583,0.2262671286719103
ISIC_0014585,0.5690015261110613
ISIC_0014589,0.5729375941984435
ISIC_0014591,0.6248755297111219
ISIC_0014592,0.6112042244449347
ISIC_0014593,0.4975601920741439
ISIC_0014594,0.613259758927482
ISIC_0014595,0.5538450126204374
ISIC_0014596,0.5584695317745647
ISIC_0014598,0.5539580692132072
ISIC_0014599,0.5053819341666079
ISIC_0014602,0.7500419430842908
ISIC_0014603,0.10022296963339679
ISIC_0014605,0.3869740550888444
ISIC_0014606,0.5975057498785816
ISIC_0014607,0.5829560885046061
ISIC_0014609,0.588959819000311
ISIC_0014612,0.44532131734396996
ISIC_0014613,0.5629579305908051
ISIC_0014615,0.17565382525081427
ISIC_0014617,0.63696047584905
ISIC_0014621,0.7719250228230718
ISIC_0014622,0.6256760653940274
ISIC_0014625,0.07485183834914204
ISIC_0014628,0.3652350843064784
ISIC_0014630,0.5380174573408023
ISIC_0014632,0.6091373473805328
ISIC_0014636,0.5140981371277499
ISIC_0014638,0.07593285289574238
ISIC_0014639,0.7457186593648277
ISIC_0014640,0.5564266103295432
ISIC_0014641,0.5889994056129048
ISIC_0014642,0.5265157611410975
ISIC_0014646,0.12055731117307046
ISIC_0014650,0.548433833526412
ISIC_0014651,0.560016810921867
ISIC_0014654,0.10734002200392596
ISIC_0014657,0.5904804787743451
ISIC_0014658,0.5371504194396739
ISIC_0014661,0.5957411520048574
ISIC_0014664,0.8607675185424974
ISIC_0014665,0.5837668643396056
ISIC_0014667,0.5720215213430477
ISIC_0014680,0.49540062027807485
ISIC_0014682,0.5588039766604169
ISIC_0014683,0.5396604507182147
ISIC_0014684,0.2572195471181473
ISIC_0014685,0.613635922208736
ISIC_0014692,0.5948548290654486
ISIC_0014694,0.5638377820153467
ISIC_0014696,0.5608713898580504
ISIC_0014699,0.7725858516057698
ISIC_0014702,0.8190872960132625
ISIC_0014707,0.505233748364807
ISIC_0014708,0.49814548648177337
ISIC_0014711,0.5165216793466093
ISIC_0014713,0.5240291794811236
ISIC_0014714,0.5469198082753525
ISIC_0014715,0.4962316308076506
ISIC_0014716,0.8219509369479964
ISIC_0014722,0.5318326403466241
ISIC_0014723,0.5447483116147992
ISIC_0014724,0.5145693909611871
ISIC_0014726,0.6369808737804642
ISIC_0014730,0.8077055073633557
ISIC_0014731,0.14232348149608853
ISIC_0014735,0.5986151060776864
ISIC_0014739,0.4428940871679598
ISIC_0014742,0.5949232841922529
ISIC_0014745,0.5563185697810146
ISIC_0014748,0.54834612978426
ISIC_0014754,0.5669186579258427
ISIC_0014760,0.5640992978257855
ISIC_0014762,0.5879886701945907
ISIC_0014763,0.7284665556600198
ISIC_0014769,0.5916102456341846
ISIC_0014770,0.6248361662762737
ISIC_0014771,0.44826849326697527
ISIC_0014775,0.5799948728148766
ISIC_0014778,0.5903007539116558
ISIC_0014779,0.5424438621502198
ISIC_0014782,0.5392856376216932
ISIC_0014783,0.4959902742476428
ISIC_0014785,0.42557454179880416
ISIC_0014788,0.1018292700176281
ISIC_0014791,0.6353407143358539
ISIC_0014793,0.45505999183283125
ISIC_0014794,0.08314149394899267
ISIC_0014795,0.4774396689473862
ISIC_0014797,0.29339321438967136
ISIC_0014802,0.1767726865382444
ISIC_0014803,0.5525644901093836
ISIC_0014804,0.6029020631105396
ISIC_0014805,0.5591778260645321
ISIC_0014806,0.5289211898503678
ISIC_0014808,0.5459422629321524
ISIC_0014811,0.56569792241581
ISIC_0014812,0.5563142763832533
ISIC_0014818,0.48177804818850656
ISIC_0014819,0.5169179524824434
ISIC_0014821,0.5582675349507157
ISIC_0014823,0.634929423532972
ISIC_0014825,0.5487623016698278
ISIC_0014830,0.6733012087123795
ISIC_0014831,0.4795166494295561
ISIC_0014832,0.4157530552390856
ISIC_0014834,0.5503705184789218
ISIC_0014836,0.09352987309567687
ISIC_0014838,0.46083606261718696
ISIC_0014839,0.48592880681007117
ISIC_0014843,0.7640661556592333
ISIC_0014845,0.592675040686616
ISIC_0014846,0.5708937553729508
ISIC_0014848,0.5460991323268389
ISIC_0014849,0.4591780938688625
ISIC_0014850,0.7112307892890081
ISIC_0014851,0.5058475801144625
ISIC_0014855,0.456361241077855
ISIC_0014860,0.6616859355529452
ISIC_0014866,0.5027855450213815
ISIC_0014869,0.4800126435886137
ISIC_0014890,0.5836715645273832
ISIC_0014891,0.5200349486280358
ISIC_0014897,0.5871334596790899
ISIC_0014898,0.5160056645130344
ISIC_0014903,0.43128112603222196
ISIC_0014904,0.48845910714521695
ISIC_0014908,0.7740533270505644
ISIC_0014911,0.8547089044435288
ISIC_0014913,0.47967930254580315
ISIC_0014915,0.42869009181770623
ISIC_0014919,0.5508331264964599
ISIC_0014920,0.5704495457364541
ISIC_0014922,0.5558494309635932
ISIC_0014923,0.586876248880866
ISIC_0014925,0.6057853630704234
ISIC_0014926,0.5386258952119561
ISIC_0014929,0.6241549716844403
ISIC_0014930,0.5787587668343116
ISIC_0014933,0.6053558033817542
ISIC_0014951,0.5345764138090425
ISIC_0014975,0.6521371834573683
ISIC_0014983,0.5277634186986762
ISIC_0014987,0.46644148947253805
ISIC_0015005,0.5874066634739701
ISIC_0015006,0.6108730152027088
ISIC_0015032,0.5460874717642707
ISIC_0015038,0.6369961683214527
ISIC_0015044,0.5426700180977584
ISIC_0015045,0.5267578645966015
ISIC_0015079,0.5498075287569972
ISIC_0015082,0.5060192918674606
ISIC_0015108,0.45548596284142834
ISIC_0015109,0.5279839635700442
ISIC_0015110,0.35327758476977994
ISIC_0015112,0.5322308320126694
ISIC_0015113,0.5929093919648318
ISIC_0015153,0.8190769103948783
ISIC_0015158,0.6052467565215395
ISIC_0015166,0.5222470004734624
ISIC_0015168,0.5805467707890338
ISIC_0015170,0.4734320689411542
ISIC_0015181,0.4316252659089924
ISIC_0015182,0.5731007205632717
ISIC_0015189,0.5414771984191735
ISIC_0015190,0.4709453481068228
ISIC_0015200,0.49248163366542863
ISIC_0015204,0.543938715679192
ISIC_0015219,0.5460278172639039
ISIC_0015220,0.5627911583470445
ISIC_0015233,0.7933305805656801
ISIC_0015260,0.49325588836526935
ISIC_0015284,0.7627590988234962
ISIC_0015295,0.5754831055229528
