ISIC_0000000,0.7351783518813269
ISIC_0000001,0.8729367764312161
ISIC_0000002,0.7266372573043822
ISIC_0000003,0.8265826511185631
ISIC_0000004,0.7852725481948083
ISIC_0000006,0.7481224870922956
ISIC_0000007,0.5778852417145265
ISIC_0000008,0.7803177285698155
ISIC_0000009,0.6034686695407008
ISIC_0000010,0.8128006480803731
ISIC_0000011,0.7620709286856835
ISIC_0000012,0.737097742920527
ISIC_0000013,0.6583418163085006
ISIC_0000014,0.5406762560952552
ISIC_0000015,0.7464139889063643
ISIC_0000016,0.785377722630715
ISIC_0000017,0.7874905890890875
ISIC_0000018,0.6948137459769896
ISIC_0000019,0.8690248044498343
ISIC_0000020,0.7557793260692502
ISIC_0000021,0.5523996724248903
ISIC_0000022,0.8468183383569756
ISIC_0000023,0.8323398912252267
ISIC_0000024,0.8506591962792779
ISIC_0000025,0.7806819285777391
ISIC_0000026,0.7162332746261109
ISIC_0000027,0.886934217966204
ISIC_0000028,0.6174949824354268
ISIC_0000029,0.8232529466249463
ISIC_0000030,0.7517639885993102
ISIC_0000031,0.7543994132949328
ISIC_0000032,0.8709896320256398
ISIC_0000034,0.864313001582297
ISIC_0000035,0.8859925694094956
ISIC_0000036,0.7824339454042646
ISIC_0000037,0.4981331016980636
ISIC_0000038,0.8289345576127445
ISIC_0000039,0.9277774969216981
ISIC_0000040,0.6944851221547578
ISIC_0000041,0.7148528703389767
ISIC_0000042,0.8431457392590922
ISIC_0000043,0.7729323901400164
ISIC_0000044,0.8624263467757097
ISIC_0000045,0.8966054332848781
ISIC_0000046,0.759135886664223
ISIC_0000047,0.7295576611387868
ISIC_0000048,0.8341289581448357
ISIC_0000049,0.7781145565173768
ISIC_0000050,0.8129589276011073
ISIC_0000051,0.47857442122743743
ISIC_0000052,0.8898680042340346
ISIC_0000053,0.8621306621647049
ISIC_0000054,0.7486464680451346
ISIC_0000055,0.5666730510787481
ISIC_0000056,0.7600634573223355
ISIC_0000057,0.8245924483966136
ISIC_0000059,0.8103246583678481
ISIC_0000061,0.8627402148358769
ISIC_0000062,0.8263614969718798
ISIC_0000063,0.8063053777039917
ISIC_0000064,0.8491377364218139
ISIC_0000065,0.7473851197825436
ISIC_0000066,0.766490724398442
ISIC_0000067,0.8785369649482606
ISIC_0000068,0.9022029450034537
ISIC_0000069,0.8635286104203648
ISIC_0000071,0.8407693360886112
ISIC_0000072,0.8137404851418022
ISIC_0000073,0.809445349691147
ISIC_0000074,0.5125729857464019
ISIC_0000075,0.8932289917104396
ISIC_0000077,0.8375246745932419
ISIC_0000078,0.6584468552155867
ISIC_0000079,0.6769570748462034
ISIC_0000080,0.8363191131665524
ISIC_0000081,0.5588299259754346
ISIC_0000082,0.670034481694975
ISIC_0000085,0.8351493455818872
ISIC_0000086,0.917187428695432
ISIC_0000087,0.6749927790436112
ISIC_0000088,0.6250394871674485
ISIC_0000089,0.7602441036335549
ISIC_0000091,0.8213766827944233
ISIC_0000092,0.8691928735705028
ISIC_0000093,0.7940675373054655
ISIC_0000094,0.8069611229890838
ISIC_0000095,0.7237187041963413
ISIC_0000096,0.8750224664882406
ISIC_0000097,0.5401890825434522
ISIC_0000098,0.49919226917851645
ISIC_0000099,0.7547705880207111
ISIC_0000100,0.8303082297769502
ISIC_0000101,0.8950493756920825
ISIC_0000102,0.6710061439135204
ISIC_0000103,0.8458807430276598
ISIC_0000104,0.9052341773876997
ISIC_0000105,0.6408268985091208
ISIC_0000107,0.5300857858802934
ISIC_0000108,0.9261132903841611
ISIC_0000109,0.708575913910252
ISIC_0000110,0.842555474906588
ISIC_0000111,0.6389184760275192
ISIC_0000112,0.8446872736212969
ISIC_0000113,0.7994986176862164
ISIC_0000116,0.7026231794707174
ISIC_0000118,0.7444103424228934
ISIC_0000119,0.760887278357526
ISIC_0000120,0.8285181473083312
ISIC_0000121,0.7991427297927489
ISIC_0000122,0.8804682432861599
ISIC_0000123,0.6313536720193498
ISIC_0000124,0.8813533375803075
ISIC_0000125,0.9105327954773537
ISIC_0000126,0.7777033334302947
ISIC_0000127,0.5853795163327244
ISIC_0000128,0.8844152666580689
ISIC_0000129,0.6438552778954013
ISIC_0000130,0.7196130302015855
ISIC_0000131,0.9443609262409719
ISIC_0000132,0.799970338300206
ISIC_0000133,0.8247131543354722
ISIC_0000134,0.8828240079264507
ISIC_0000135,0.8391845810794962
ISIC_0000136,0.7717209141712832
ISIC_0000137,0.7696367391678685
ISIC_0000138,0.7590243139575282
ISIC_0000139,0.8399315795924633
ISIC_0000140,0.7958252029546027
ISIC_0000141,0.6132992325633162
ISIC_0000142,0.881191530226384
ISIC_0000143,0.7200990473368851
ISIC_0000145,0.8882422604869159
ISIC_0000146,0.8497032426391512
ISIC_0000147,0.8850652722028269
ISIC_0000148,0.6026293382487689
ISIC_0000149,0.9037507917555969
ISIC_0000150,0.6788506402541786
ISIC_0000151,0.5881266431652226
ISIC_0000152,0.8550857398281504
ISIC_0000153,0.7316759640611907
ISIC_0000154,0.5334428444304774
ISIC_0000155,0.8679707226598037
ISIC_0000156,0.4920195255983561
ISIC_0000157,0.8427938157638655
ISIC_0000159,0.8480797713431032
ISIC_0000161,0.6724279968493515
ISIC_0000162,0.7951011860538946
ISIC_0000163,0.5450765217537659
ISIC_0000164,0.7300116438325593
ISIC_0000165,0.5969614396678666
ISIC_0000166,0.848566432336995
ISIC_0000167,0.7322507734788416
ISIC_0000169,0.751632303923806
ISIC_0000171,0.76012273657956
ISIC_0000172,0.6791630333741505
ISIC_0000174,0.6620557977108645
ISIC_0000176,0.7944846298893495
ISIC_0000177,0.8483201271929328
ISIC_0000179,0.7289783265701582
ISIC_0000181,0.8558617948321143
ISIC_0000182,0.9392094733087688
ISIC_0000184,0.8364618646587741
ISIC_0000185,0.7540276098124657
ISIC_0000186,0.9407725424040929
ISIC_0000189,0.8416813575781157
ISIC_0000191,0.8689094247074597
ISIC_0000192,0.7541275287108136
ISIC_0000193,0.7975333882872383
ISIC_0000196,0.7334955515827912
ISIC_0000197,0.7834096298158848
ISIC_0000198,0.9100194373329478
ISIC_0000199,0.9178396415945902
ISIC_0000201,0.87360201525626
ISIC_0000202,0.9263866587341406
ISIC_0000204,0.8384316536677031
ISIC_0000205,0.8729517346247957
ISIC_0000206,0.7355149409425799
ISIC_0000209,0.8419674793077295
ISIC_0000211,0.9202281784548232
ISIC_0000212,0.862343360517718
ISIC_0000213,0.810288782490054
ISIC_0000214,0.5937197176932159
ISIC_0000216,0.9232771870841494
ISIC_0000218,0.9154291715046012
ISIC_0000219,0.6890131178171116
ISIC_0000220,0.828534466661444
ISIC_0000221,0.9187917870993274
ISIC_0000222,0.8520417948349135
ISIC_0000223,0.8224478098739356
ISIC_0000225,0.8145822161650046
ISIC_0000226,0.8629225909464636
ISIC_0000227,0.9236485209592545
ISIC_0000229,0.6871182276306782
ISIC_0000231,0.8201568445583148
ISIC_0000232,0.8628232926554782
ISIC_0000233,0.9270416627602224
ISIC_0000234,0.9231686077824964
ISIC_0000236,0.8311668839270774
ISIC_0000237,0.8701814012280586
ISIC_0000239,0.8561622801889162
ISIC_0000240,0.883987151108256
ISIC_0000242,0.6262902431135373
ISIC_0000243,0.8907883747709007
ISIC_0000244,0.7816031793276474
ISIC_0000245,0.8334477398236351
ISIC_0000246,0.8143871434541494
ISIC_0000247,0.9057561165224415
ISIC_0000250,0.836851732260558
ISIC_0000251,0.7527782078936942
ISIC_0000252,0.7759361038478862
ISIC_0000253,0.7367427271078388
ISIC_0000254,0.9089698290927506
ISIC_0000255,0.8931573081224842
ISIC_0000256,0.8396115124299002
ISIC_0000258,0.8292493007612236
ISIC_0000260,0.8251380716077756
ISIC_0000261,0.9139673736349523
ISIC_0000262,0.6625814191226846
ISIC_0000263,0.7338115808749966
ISIC_0000264,0.8448939949932414
ISIC_0000265,0.7575981365059375
ISIC_0000268,0.8591667730937494
ISIC_0000269,0.9252016764002724
ISIC_0000274,0.8486476712779742
ISIC_0000275,0.7361733674472616
ISIC_0000276,0.8175428170690335
ISIC_0000277,0.9043373367764043
ISIC_0000278,0.8160529472711071
ISIC_0000281,0.9024088871282002
ISIC_0000283,0.7631022197295508
ISIC_0000290,0.7291696411137596
ISIC_0000292,0.8588054414468664
ISIC_0000295,0.8397669790852813
ISIC_0000297,0.9393911364059968
ISIC_0000298,0.8370753609044608
ISIC_0000300,0.7767477065462209
ISIC_0000306,0.7216203270507129
ISIC_0000310,0.8710995522366296
ISIC_0000311,0.8844431282765425
ISIC_0000313,0.7955227821088908
ISIC_0000314,0.8872334747770143
ISIC_0000315,0.595804113622171
ISIC_0000316,0.6426583957521215
ISIC_0000317,0.8258846779072972
ISIC_0000319,0.7714830080969236
ISIC_0000320,0.81502902000155
ISIC_0000321,0.8870401964093615
ISIC_0000322,0.8641923510644292
ISIC_0000323,0.8564094684657517
ISIC_0000324,0.8605486166349069
ISIC_0000325,0.7867404562849177
ISIC_0000326,0.7823111274135776
ISIC_0000327,0.6413463821482948
ISIC_0000328,0.713363539011679
ISIC_0000329,0.8677570053065813
ISIC_0000330,0.7565913053761528
ISIC_0000331,0.8424193745856068
ISIC_0000332,0.7828531281071944
ISIC_0000336,0.6504015477792513
ISIC_0000338,0.6638504381063477
ISIC_0000340,0.8619317208336635
ISIC_0000341,0.5860771047612016
ISIC_0000342,0.8652290748635623
ISIC_0000343,0.804346441335385
ISIC_0000344,0.5803784349366037
ISIC_0000345,0.7574102186540955
ISIC_0000346,0.6584113014500292
ISIC_0000347,0.9249064934325035
ISIC_0000348,0.7696680214616565
ISIC_0000349,0.852368722658781
ISIC_0000350,0.5351740663819979
ISIC_0000351,0.8454218540856577
ISIC_0000352,0.7285070371468423
ISIC_0000353,0.7026009871978542
ISIC_0000354,0.7845774789221867
ISIC_0000355,0.7795879282950097
ISIC_0000357,0.7812004026078377
ISIC_0000358,0.8978942184532819
ISIC_0000359,0.7527125347046038
ISIC_0000360,0.9098202563840112
ISIC_0000361,0.7438260730027506
ISIC_0000363,0.5084674212757976
ISIC_0000364,0.8378562413769348
ISIC_0000365,0.8658687080941678
ISIC_0000366,0.5770140690369934
ISIC_0000367,0.9040242129316309
ISIC_0000368,0.9171430660497016
ISIC_0000369,0.6800959570940937
ISIC_0000370,0.8747713246562754
ISIC_0000371,0.7230423121086018
ISIC_0000372,0.8381073814949339
ISIC_0000374,0.7670198721070254
ISIC_0000376,0.8850911796749548
ISIC_0000377,0.7905259798086749
ISIC_0000378,0.7496916311804804
ISIC_0000379,0.5993735288930884
ISIC_0000380,0.6698678633491424
ISIC_0000381,0.4948136251706252
ISIC_0000382,0.5850015327302602
ISIC_0000383,0.8007163916270631
ISIC_0000384,0.6971397996299522
ISIC_0000385,0.7927482226273744
ISIC_0000386,0.8189460389506651
ISIC_0000387,0.48118435160092177
ISIC_0000388,0.9498842401402225
ISIC_0000390,0.8103605845857005
ISIC_0000391,0.8950781004388022
ISIC_0000392,0.8381071350555206
ISIC_0000393,0.7278151778025131
ISIC_0000395,0.6841799278461145
ISIC_0000396,0.8908667180761207
ISIC_0000397,0.6847421349349345
ISIC_0000403,0.7517119007245431
ISIC_0000407,0.6744748534460959
ISIC_0000408,0.8533122631094074
ISIC_0000409,0.7149441269344828
ISIC_0000410,0.4791494824587745
ISIC_0000412,0.5304279758812437
ISIC_0000413,0.710405779252647
ISIC_0000415,0.4931245881025938
ISIC_0000416,0.7782031711996433
ISIC_0000418,0.4779896489422498
ISIC_0000419,0.36745040558393915
ISIC_0000420,0.8385112660844799
ISIC_0000421,0.8080883235399787
ISIC_0000423,0.893889517802823
ISIC_0000425,0.5241009006888299
ISIC_0000426,0.4631844719786163
ISIC_0000427,0.7556135777836689
ISIC_0000431,0.6398325155515985
ISIC_0000434,0.6022594318511159
ISIC_0000436,0.6846606910525399
ISIC_0000439,0.842724752844511
ISIC_0000442,0.5952316998859175
ISIC_0000443,0.7576712809021453
ISIC_0000444,0.6709466882376659
ISIC_0000445,0.7603732607206574
ISIC_0000447,0.6670945804873689
ISIC_0000448,0.5677588417422836
ISIC_0000449,0.7017903084689825
ISIC_0000451,0.8800608479145915
ISIC_0000453,0.658289969050378
ISIC_0000455,0.6363685084270931
ISIC_0000456,0.8046731436497343
ISIC_0000457,0.8869155204369366
ISIC_0000458,0.7239026049597717
ISIC_0000460,0.567445289337027
ISIC_0000461,0.8102600541397229
ISIC_0000463,0.8958893614522636
ISIC_0000465,0.6729256219950175
ISIC_0000466,0.4780162187218627
ISIC_0000467,0.6894986192561936
ISIC_0000468,0.7570457842960736
ISIC_0000469,0.6158130659759153
ISIC_0000470,0.8036679984053205
ISIC_0000471,0.8596818003242617
ISIC_0000473,0.7347652189775151
ISIC_0000474,0.6468960851624341
ISIC_0000475,0.6321547920456311
ISIC_0000476,0.27604481191795827
ISIC_0000478,0.8097924562866096
ISIC_0000479,0.6418872110211129
ISIC_0000480,0.6844696056793362
ISIC_0000481,0.7067247044158633
ISIC_0000482,0.79779555747662
ISIC_0000483,0.8345659359665449
ISIC_0000484,0.7323826223649592
ISIC_0000485,0.6295309712996973
ISIC_0000486,0.8505333837379585
ISIC_0000487,0.6933964311074581
ISIC_0000488,0.7238482241686617
ISIC_0000489,0.6415387277094797
ISIC_0000490,0.8735441122659122
ISIC_0000491,0.826544108191891
ISIC_0000492,0.8545802260369348
ISIC_0000493,0.6164427578223158
ISIC_0000494,0.8084832834021765
ISIC_0000495,0.8423712924082503
ISIC_0000496,0.839996277270747
ISIC_0000498,0.6888665003810397
ISIC_0000499,0.3618114351656978
ISIC_0000500,0.643332037877129
ISIC_0000501,0.7547133213411739
ISIC_0000503,0.7561731848032796
ISIC_0000504,0.8307892682941362
ISIC_0000505,0.45379545251639586
ISIC_0000506,0.9271204796660479
ISIC_0000507,0.6414664868340003
ISIC_0000508,0.7767494787499001
ISIC_0000509,0.8272697720475004
ISIC_0000510,0.7981078034878446
ISIC_0000511,0.5777296385713022
ISIC_0000513,0.794035859426659
ISIC_0000514,0.769458043020724
ISIC_0000515,0.7403095054669817
ISIC_0000516,0.44779145558748523
ISIC_0000518,0.7644716477570538
ISIC_0000519,0.85468790570956
ISIC_0000520,0.8313404538355693
ISIC_0000521,0.9177722821640932
ISIC_0000522,0.49431200457968444
ISIC_0000523,0.9033562691204711
ISIC_0000524,0.648192258434021
ISIC_0000525,0.8893296482019069
ISIC_0000527,0.6100207448238476
ISIC_0000528,0.6205467698468885
ISIC_0000529,0.5852487768428187
ISIC_0000530,0.847869933440784
ISIC_0000531,0.6959019253594674
ISIC_0000532,0.482828236554725
ISIC_0000533,0.7062682065116658
ISIC_0000534,0.7056273105306043
ISIC_0000535,0.8444588963971084
ISIC_0000536,0.6608100771021397
ISIC_0000538,0.6494575135408062
ISIC_0000539,0.5207564144096548
ISIC_0000540,0.8247322989198607
ISIC_0000541,0.8336200276855266
ISIC_0000542,0.8327583836643738
ISIC_0000543,0.8414242245537259
ISIC_0000544,0.7191138208147885
ISIC_0000545,0.8945975445536405
ISIC_0000546,0.5988920243430675
ISIC_0000547,0.6353830221891432
ISIC_0000548,0.6145462936043171
ISIC_0000549,0.5732422674063095
ISIC_0000550,0.6816344434186564
ISIC_0000551,0.7120068769260917
ISIC_0000552,0.8640666527942304
ISIC_0000554,0.6623811825064474
ISIC_0000555,0.5725813189640043
ISIC_0000556,0.7948150880018137
ISIC_0000882,0.9050669930084164
ISIC_0000900,0.9095972748197669
ISIC_0000999,0.8483282739824571
ISIC_0001100,0.6960933354528185
ISIC_0001102,0.7855339870894666
ISIC_0001103,0.6859676994572614
ISIC_0001105,0.8980933338627225
ISIC_0001118,0.7561266457847822
ISIC_0001119,0.7119390240759527
ISIC_0001126,0.5481803607747121
ISIC_0001128,0.5914523384159605
ISIC_0001131,0.527962652262168
ISIC_0001133,0.8695204071630112
ISIC_0001134,0.5431443647556129
ISIC_0001140,0.788583726010508
ISIC_0001142,0.6751979975335466
ISIC_0001148,0.7733214682485137
ISIC_0001152,0.7463690951174295
ISIC_0001960,0.6568038495086159
ISIC_0002093,0.7550568336895337
ISIC_0002107,0.875154968939289
ISIC_0002206,0.910031231188146
ISIC_0002246,0.9255795320079354
ISIC_0002251,0.6614437801427904
ISIC_0002287,0.8156330172298214
ISIC_0002353,0.7526834428611062
ISIC_0002374,0.7590924544463118
ISIC_0002438,0.8805324152214182
ISIC_0002439,0.8301185407156934
ISIC_0002453,0.6949904343808614
ISIC_0002459,0.7303827752197212
ISIC_0002469,0.6996011769206035
ISIC_0002476,0.6458934023382485
ISIC_0002488,0.798183178115281
ISIC_0002489,0.8499139233271096
ISIC_0002616,0.839594998255516
ISIC_0002647,0.8338430051237413
ISIC_0002673,0.5112705870188935
ISIC_0002780,0.7270271127942806
ISIC_0002806,0.607959000417112
ISIC_0002829,0.850070321764897
ISIC_0002836,0.8451513562630739
ISIC_0002871,0.9196958110460514
ISIC_0002879,0.698447366591674
ISIC_0002885,0.8585997781129779
ISIC_0002948,0.8291289396719966
ISIC_0002975,0.8949502721350097
ISIC_0002976,0.7839522179571594
ISIC_0003005,0.7491872106261811
ISIC_0003051,0.8782711252202606
ISIC_0003056,0.8380449390619382
ISIC_0003174,0.8585585565081089
ISIC_0003308,0.567833636894878
ISIC_0003346,0.6381943311618048
ISIC_0003728,0.8648142894069415
ISIC_0004110,0.6613596799877222
ISIC_0004115,0.4216904761063708
ISIC_0004166,0.8338913938484316
ISIC_0004168,0.8362382623921161
ISIC_0004309,0.8557661112781807
ISIC_0004346,0.8612776075048274
ISIC_0004715,0.90429279364117
ISIC_0004985,0.6929904082097067
ISIC_0005000,0.9101143372196127
ISIC_0005187,0.732827750779464
ISIC_0005548,0.606753756240452
ISIC_0005555,0.8091104530938672
ISIC_0005620,0.7975368992916201
ISIC_0005639,0.7848198566474277
ISIC_0005666,0.6439844679519953
ISIC_0005787,0.8699925383631997
ISIC_0006021,0.5403082028184498
ISIC_0006114,0.7527104020887274
ISIC_0006193,0.8950910548773382
ISIC_0006326,0.7306051711237732
ISIC_0006350,0.718580809943844
ISIC_0006612,0.8908056681871623
ISIC_0006711,0.7095148954078805
ISIC_0006776,0.8960183781271778
ISIC_0006795,0.8038322902429937
ISIC_0006800,0.8740002810250784
ISIC_0006940,0.9048115753127539
ISIC_0006982,0.6679236428747253
ISIC_0007038,0.8263392614389409
ISIC_0007087,0.6051823526797062
ISIC_0007322,0.7164021793154598
ISIC_0007475,0.9090083668943321
ISIC_0007557,0.6871440705431446
ISIC_0007693,0.5738153175905402
ISIC_0007760,0.8722019096881523
ISIC_0008029,0.7123627017079937
ISIC_0008116,0.6703733844383821
ISIC_0008145,0.5692951920728369
ISIC_0008207,0.6124434630056419
ISIC_0008236,0.7516361099573998
ISIC_0008256,0.5694137356591153
ISIC_0008280,0.8873107149727629
ISIC_0008294,0.5718929811019025
ISIC_0008347,0.7975689602062115
ISIC_0008396,0.8869192732550055
ISIC_0008403,0.8900636270866904
ISIC_0008406,0.6182574475379321
ISIC_0008507,0.7282430526970142
ISIC_0008528,0.6398449894744815
ISIC_0008541,0.8412537826373232
ISIC_0008552,0.7819151887189479
ISIC_0008600,0.7087279248337703
ISIC_0008626,0.6938476252150643
ISIC_0008659,0.8232755189143319
ISIC_0008785,0.8957610883987523
ISIC_0008807,0.8504257920539033
ISIC_0008879,0.8874813073025762
ISIC_0008992,0.7728525171384244
ISIC_0008993,0.7803907532468588
ISIC_0008998,0.7353478891154692
ISIC_0009035,0.9358474248339206
ISIC_0009078,0.8621750321113876
ISIC_0009083,0.5079040922442075
ISIC_0009160,0.8265574693687219
ISIC_0009165,0.8737607946850674
ISIC_0009188,0.6081282957279759
ISIC_0009252,0.8372288216493086
ISIC_0009297,0.929680078181844
ISIC_0009298,0.9018973733245077
ISIC_0009344,0.5708370303003286
ISIC_0009430,0.6955275943518531
ISIC_0009504,0.6796333618707464
ISIC_0009533,0.7236648713539169
ISIC_0009564,0.8396576856017772
ISIC_0009583,0.46407790490637624
ISIC_0009599,0.5593574135335349
ISIC_0009758,0.6692860506414886
ISIC_0009860,0.7082471325081376
ISIC_0009868,0.6988682236625794
ISIC_0009869,0.8468424718567389
ISIC_0009870,0.8616540788613584
ISIC_0009871,0.7287622806594379
ISIC_0009872,0.8540254097697784
ISIC_0009873,0.5552528473262923
ISIC_0009874,0.7293186634428367
ISIC_0009875,0.508693813806303
ISIC_0009877,0.8874109776552589
ISIC_0009879,0.5818310602632945
ISIC_0009880,0.8255060554826861
ISIC_0009881,0.7925427432932173
ISIC_0009882,0.83557701075755
ISIC_0009883,0.7398830878455176
ISIC_0009884,0.8151900146472932
ISIC_0009885,0.8572881552091904
ISIC_0009888,0.5791481414037347
ISIC_0009889,0.7329724376613639
ISIC_0009891,0.63363211168327
ISIC_0009895,0.7864354966332672
ISIC_0009897,0.7507299271976092
ISIC_0009898,0.6289891519960974
ISIC_0009899,0.5530443808804213
ISIC_0009901,0.8387722471773049
ISIC_0009902,0.89946434328557
ISIC_0009905,0.7071715308768205
ISIC_0009906,0.8494378887977143
ISIC_0009909,0.7877590335281588
ISIC_0009910,0.8901128355167202
ISIC_0009911,0.9375579012337246
ISIC_0009912,0.896549114033326
ISIC_0009914,0.42249977654999205
ISIC_0009915,0.6670279685021243
ISIC_0009917,0.7167256166401614
ISIC_0009918,0.796021782853515
ISIC_0009919,0.7684360645901076
ISIC_0009920,0.7978821718205884
ISIC_0009921,0.832732895192292
ISIC_0009923,0.7386589292437873
ISIC_0009925,0.8290556739747397
ISIC_0009929,0.71737346591775
ISIC_0009930,0.8617952358284044
ISIC_0009931,0.7916031853291816
ISIC_0009932,0.7125192215200891
ISIC_0009933,0.8857834437799832
ISIC_0009935,0.8134529385721407
ISIC_0009936,0.875503277008182
ISIC_0009937,0.4935507933150619
ISIC_0009938,0.8329120018320268
ISIC_0009939,0.7980317525899974
ISIC_0009940,0.7012135779477228
ISIC_0009941,0.7815801401871353
ISIC_0009942,0.9406633631405439
ISIC_0009943,0.6714592780842359
ISIC_0009945,0.8095213832091976
ISIC_0009946,0.8566970831887831
ISIC_0009947,0.7673004010376012
ISIC_0009949,0.8464446607598047
ISIC_0009950,0.9314047794066688
ISIC_0009951,0.8633059920598535
ISIC_0009953,0.7220262219059432
ISIC_0009954,0.7769442743285282
ISIC_0009955,0.617054466850455
ISIC_0009956,0.8869018846639385
ISIC_0009958,0.8482049504942111
ISIC_0009960,0.7103749106876409
ISIC_0009961,0.9325439509020559
ISIC_0009962,0.47467092007962775
ISIC_0009963,0.6910297116930582
ISIC_0009964,0.7512063998700296
ISIC_0009965,0.6799749935052655
ISIC_0009966,0.8629035385788199
ISIC_0009967,0.8679850334340311
ISIC_0009968,0.818349663095354
ISIC_0009969,0.8069473524596653
ISIC_0009971,0.757379841425631
ISIC_0009972,0.8983723074381111
ISIC_0009973,0.844985427684777
ISIC_0009974,0.9016212938803373
ISIC_0009975,0.7594788281869915
ISIC_0009976,0.8305538794292493
ISIC_0009977,0.9304049707058981
ISIC_0009979,0.7714692395481895
ISIC_0009981,0.8128667403480582
ISIC_0009982,0.908428606463114
ISIC_0009987,0.6760975239474498
ISIC_0009991,0.7049878887117103
ISIC_0009993,0.7248968667305911
ISIC_0009994,0.402057043973691
ISIC_0009998,0.9406528178406307
ISIC_0010000,0.6945822379999422
ISIC_0010002,0.6832229104996598
ISIC_0010003,0.7907653025171648
ISIC_0010005,0.6980127359705688
ISIC_0010006,0.723859810195566
ISIC_0010011,0.7139724544208859
ISIC_0010013,0.9306148775413572
ISIC_0010014,0.7832703779298982
ISIC_0010015,0.7489390720186888
ISIC_0010016,0.6298937070701726
ISIC_0010017,0.8101257749916368
ISIC_0010018,0.8221821569955567
ISIC_0010019,0.693886755548355
ISIC_0010020,0.8131672181208309
ISIC_0010021,0.7891019262970831
ISIC_0010022,0.8859019493008276
ISIC_0010024,0.7446904516087295
ISIC_0010025,0.728428593557905
ISIC_0010028,0.8512209941863045
ISIC_0010029,0.4746428107599049
ISIC_0010032,0.7956961413855104
ISIC_0010034,0.8235355806246931
ISIC_0010036,0.7192339036529709
ISIC_0010040,0.6634226137678603
ISIC_0010042,0.784631892987272
ISIC_0010043,0.7422207869886642
ISIC_0010044,0.9601450981782909
ISIC_0010046,0.49901797856774693
ISIC_0010047,0.468381839389044
ISIC_0010053,0.8501346214861007
ISIC_0010054,0.5650921969716551
ISIC_0010055,0.8754819841518526
ISIC_0010058,0.7442010799897695
ISIC_0010059,0.7693350193886701
ISIC_0010060,0.6988269510930485
ISIC_0010061,0.7457177140080962
ISIC_0010062,0.8943499825406698
ISIC_0010064,0.7280486659121177
ISIC_0010066,0.634227857442881
ISIC_0010067,0.743663734445953
ISIC_0010069,0.7377940587863745
ISIC_0010070,0.7421562606491838
ISIC_0010074,0.7669247231351939
ISIC_0010077,0.8999851275292166
ISIC_0010078,0.7501804888434123
ISIC_0010080,0.7994782613198633
ISIC_0010081,0.813659222356687
ISIC_0010086,0.5769705236903613
ISIC_0010087,0.6963530891610902
ISIC_0010088,0.8208465054131764
ISIC_0010089,0.7870337301246482
ISIC_0010090,0.7987670075013062
ISIC_0010092,0.8698961878811651
ISIC_0010094,0.7374033691497717
ISIC_0010100,0.7296182830086909
ISIC_0010102,0.7731216065465001
ISIC_0010104,0.7532119129268449
ISIC_0010105,0.8778960707162109
ISIC_0010168,0.8183156978919165
ISIC_0010170,0.6686030706372669
ISIC_0010171,0.8021572549963948
ISIC_0010173,0.9282560333941937
ISIC_0010174,0.7981221617612795
ISIC_0010176,0.8367984955495871
ISIC_0010177,0.7708767042605509
ISIC_0010178,0.7895353594437218
ISIC_0010180,0.8032781192641033
ISIC_0010182,0.7092313212530902
ISIC_0010184,0.37759373553712516
ISIC_0010185,0.7458275594588477
ISIC_0010186,0.6798038084078502
ISIC_0010187,0.7555428880208113
ISIC_0010191,0.433859238385884
ISIC_0010192,0.854871642253223
ISIC_0010193,0.7823400150047235
ISIC_0010194,0.8188027364158679
ISIC_0010201,0.7934440267939592
ISIC_0010205,0.8529295379599031
ISIC_0010206,0.7704036666267162
ISIC_0010207,0.7424093177477502
ISIC_0010212,0.7090449554884692
ISIC_0010213,0.8423224573815833
ISIC_0010215,0.7456050434302288
ISIC_0010216,0.8904514170040485
ISIC_0010219,0.8561298781754207
ISIC_0010220,0.8126262476484001
ISIC_0010225,0.8017025286969783
ISIC_0010227,0.6656963219080885
ISIC_0010229,0.8943317757640803
ISIC_0010231,0.667329716233406
ISIC_0010233,0.8631604363072783
ISIC_0010234,0.8783209378055838
ISIC_0010236,0.4228379339860867
ISIC_0010237,0.8048749361538163
ISIC_0010240,0.6052392681581424
ISIC_0010241,0.8124878928875207
ISIC_0010244,0.840910767399422
ISIC_0010246,0.5668428675296528
ISIC_0010247,0.6859365540343969
ISIC_0010248,0.9465627601590003
ISIC_0010249,0.8688802450023845
ISIC_0010251,0.8317553545752294
ISIC_0010254,0.9006818502803953
ISIC_0010255,0.851028619221223
ISIC_0010256,0.856397503988184
ISIC_0010257,0.926667363129176
ISIC_0010261,0.6081037090480045
ISIC_0010262,0.8220698939926796
ISIC_0010264,0.9312425823606894
ISIC_0010265,0.6511213108985503
ISIC_0010317,0.8334923438770576
ISIC_0010318,0.6944041352450754
ISIC_0010320,0.7937077795483272
ISIC_0010326,0.6528379422591007
ISIC_0010327,0.8472956348348157
ISIC_0010330,0.6331960923549429
ISIC_0010332,0.6666197665847753
ISIC_0010333,0.6671772952275092
ISIC_0010334,0.7532094134856322
ISIC_0010336,0.8011301135355202
ISIC_0010337,0.7924000051100459
ISIC_0010339,0.6708669236465628
ISIC_0010340,0.37715683720857207
ISIC_0010341,0.632345076157193
ISIC_0010342,0.7657525065841942
ISIC_0010344,0.6374892332595717
ISIC_0010346,0.9480832259959784
ISIC_0010350,0.8704836248903829
ISIC_0010351,0.743285161087254
ISIC_0010356,0.9083332007475873
ISIC_0010357,0.7801564585183279
ISIC_0010358,0.9127172972612747
ISIC_0010360,0.734451049212111
ISIC_0010362,0.659524805565238
ISIC_0010364,0.5679678227849841
ISIC_0010365,0.5166113420686982
ISIC_0010367,0.8170727451863333
ISIC_0010368,0.562351435291685
ISIC_0010370,0.8701204301790709
ISIC_0010371,0.6503627258110041
ISIC_0010372,0.771638609996089
ISIC_0010374,0.8286290823384592
ISIC_0010379,0.7852285842147049
ISIC_0010435,0.41532786195617855
ISIC_0010441,0.9205049450664997
ISIC_0010442,0.8999949626393264
ISIC_0010443,0.7758093135320303
ISIC_0010444,0.6127318349952651
ISIC_0010447,0.7513089160749078
ISIC_0010449,0.7660784413905376
ISIC_0010452,0.8442297045445768
ISIC_0010455,0.5709062704801431
ISIC_0010456,0.8359530560806553
ISIC_0010458,0.7167410741490834
ISIC_0010460,0.8994732401890181
ISIC_0010461,0.674456609805494
ISIC_0010463,0.6111380176162564
ISIC_0010465,0.5346370107115164
ISIC_0010466,0.8165287055168788
ISIC_0010467,0.793547400902735
ISIC_0010468,0.8385615510363977
ISIC_0010471,0.8688321366183018
ISIC_0010472,0.7504437334520502
ISIC_0010473,0.3961551472432153
ISIC_0010474,0.5422676787041776
ISIC_0010475,0.7149865639595471
ISIC_0010476,0.8144382991494648
ISIC_0010479,0.7322313641154794
ISIC_0010480,0.8830424202743807
ISIC_0010481,0.8317708596851274
ISIC_0010483,0.7260134858303645
ISIC_0010487,0.7857521193631356
ISIC_0010488,0.8787236648347702
ISIC_0010490,0.8674727217717202
ISIC_0010493,0.8029576065455533
ISIC_0010494,0.6963719606989435
ISIC_0010498,0.8894300856115114
ISIC_0010552,0.7404596570430448
ISIC_0010553,0.713393691436945
ISIC_0010554,0.545086844107971
ISIC_0010557,0.8034078755646566
ISIC_0010558,0.7530116017714499
ISIC_0010562,0.9034265059876891
ISIC_0010565,0.9167057780311271
ISIC_0010566,0.8705618000994295
ISIC_0010567,0.8389326686856202
ISIC_0010568,0.7753290877168422
ISIC_0010569,0.7557228927250972
ISIC_0010570,0.4669943849199252
ISIC_0010571,0.9014947584750453
ISIC_0010573,0.7166522466752471
ISIC_0010574,0.853012379853771
ISIC_0010575,0.8471244829245654
ISIC_0010581,0.611433866708269
ISIC_0010582,0.7540848771965052
ISIC_0010584,0.7669542366382534
ISIC_0010585,0.8638076307604402
ISIC_0010586,0.6272120626773308
ISIC_0010587,0.6712520693105278
ISIC_0010590,0.7621395286828667
ISIC_0010591,0.7348470156123451
ISIC_0010592,0.7372825953342136
ISIC_0010593,0.8668301486254097
ISIC_0010595,0.8235574384347426
ISIC_0010596,0.750633352065291
ISIC_0010597,0.7769146526633446
ISIC_0010598,0.9119411972880901
ISIC_0010599,0.6801937457811323
ISIC_0010602,0.7587945141315813
ISIC_0010606,0.8367562857424207
ISIC_0010607,0.7819759146139124
ISIC_0010844,0.8132444327843094
ISIC_0010846,0.8919013786380194
ISIC_0010848,0.8226485214255799
ISIC_0010850,0.9165667675965175
ISIC_0010851,0.4728814928879991
ISIC_0010852,0.8052924004056932
ISIC_0010853,0.6687682943623638
ISIC_0010854,0.7562662680560057
ISIC_0010856,0.7852174694342522
ISIC_0010858,0.9028445657085065
ISIC_0010860,0.7135054648993909
ISIC_0010861,0.7762603532004133
ISIC_0010862,0.9288889869202384
ISIC_0010863,0.7302123101727965
ISIC_0010864,0.5795906588649188
ISIC_0011079,0.5369181984444363
ISIC_0011082,0.6976705937846583
ISIC_0011083,0.8805629807671329
ISIC_0011085,0.7796350056625321
ISIC_0011088,0.68133598042821
ISIC_0011089,0.8619623081467098
ISIC_0011090,0.8475867070065843
ISIC_0011095,0.6439124796520744
ISIC_0011097,0.7552247057131798
ISIC_0011098,0.5983961470374701
ISIC_0011099,0.4269003189637812
ISIC_0011101,0.9217667907822094
ISIC_0011102,0.8707166206405803
ISIC_0011107,0.9127406976876333
ISIC_0011110,0.7782119022831429
ISIC_0011112,0.8748041999179863
ISIC_0011114,0.854176529120326
ISIC_0011115,0.8622783720313008
ISIC_0011117,0.7484099177304571
ISIC_0011118,0.734918833334324
ISIC_0011119,0.7611333013520704
ISIC_0011123,0.805638474031837
ISIC_0011124,0.7829851080690096
ISIC_0011126,0.6040082030762288
ISIC_0011127,0.7591722486516201
ISIC_0011130,0.5883452302240186
ISIC_0011131,0.7041112779677023
ISIC_0011132,0.8667695450225563
ISIC_0011135,0.70276063810806
ISIC_0011136,0.7906390313519045
ISIC_0011137,0.6277763403475858
ISIC_0011140,0.7430682461715479
ISIC_0011143,0.7862692760804907
ISIC_0011144,0.6878607602913414
ISIC_0011145,0.9092057614372429
ISIC_0011146,0.813469018919106
ISIC_0011155,0.7606617899824076
ISIC_0011157,0.8477230749259979
ISIC_0011161,0.8677889859899374
ISIC_0011162,0.7046894322337622
ISIC_0011163,0.6597013098020967
ISIC_0011164,0.7382266930296472
ISIC_0011165,0.9612577913199729
ISIC_0011166,0.6930319805620158
ISIC_0011168,0.7823646523079555
ISIC_0011169,0.5083265419063645
ISIC_0011170,0.8384743795385188
ISIC_0011171,0.6748861700773295
ISIC_0011173,0.72029198750182
ISIC_0011176,0.7867254879023233
ISIC_0011177,0.8691573217683056
ISIC_0011199,0.8417937228815633
ISIC_0011203,0.8981571690074301
ISIC_0011204,0.8788627295865596
ISIC_0011205,0.8982994109928784
ISIC_0011207,0.8354973816143828
ISIC_0011208,0.6579015398493073
ISIC_0011210,0.8359679261108817
ISIC_0011211,0.7851495997084683
ISIC_0011212,0.7497976070366299
ISIC_0011213,0.8576586305155052
ISIC_0011214,0.6369909860691272
ISIC_0011215,0.8068288196119682
ISIC_0011217,0.8977859165826955
ISIC_0011218,0.900779089619527
ISIC_0011219,0.5991116929154836
ISIC_0011220,0.7736307322711073
ISIC_0011223,0.7264097827932272
ISIC_0011224,0.528083469234395
ISIC_0011225,0.4722014560401421
ISIC_0011227,0.8340821732017928
ISIC_0011229,0.49696239651662505
ISIC_0011230,0.6450025322735535
ISIC_0011292,0.734020314448085
ISIC_0011294,0.5002679841097823
ISIC_0011296,0.7695380217347213
ISIC_0011297,0.6132169095769718
ISIC_0011298,0.7318597423335009
ISIC_0011303,0.805161813238839
ISIC_0011304,0.7762875063964325
ISIC_0011305,0.55395488121874
ISIC_0011306,0.694004242046256
ISIC_0011310,0.8184459246911062
ISIC_0011315,0.8158680867917459
ISIC_0011317,0.7763376327988084
ISIC_0011321,0.7961947039815034
ISIC_0011324,0.8457747267631079
ISIC_0011326,0.3734697621371626
ISIC_0011327,0.8548761219201502
ISIC_0011328,0.8921015996985426
ISIC_0011330,0.8556269590154031
ISIC_0011333,0.6982327230375596
ISIC_0011336,0.835769317419779
ISIC_0011338,0.655981077702166
ISIC_0011339,0.5973554334204962
ISIC_0011343,0.7300825745207975
ISIC_0011344,0.6774939203861332
ISIC_0011345,0.6973564436320896
ISIC_0011348,0.8987435840805562
ISIC_0011349,0.833094096153676
ISIC_0011352,0.6489488240190301
ISIC_0011353,0.9155154289475878
ISIC_0011358,0.7532631635303804
ISIC_0011359,0.7153998072197784
ISIC_0011362,0.4795225042451562
ISIC_0011363,0.8236801848337045
ISIC_0011366,0.8458324225965401
ISIC_0011367,0.9371157344869909
ISIC_0011372,0.7977372954158364
ISIC_0011382,0.7686641504719126
ISIC_0011384,0.8155759591043992
ISIC_0011386,0.8805485900139196
ISIC_0011387,0.7206575176565543
ISIC_0011393,0.679476081532105
ISIC_0011397,0.762117929368401
ISIC_0011398,0.7815599310886927
ISIC_0012089,0.6702570031416188
ISIC_0012090,0.7531566414936317
ISIC_0012094,0.801365665762059
ISIC_0012097,0.6678987802512291
ISIC_0012102,0.7448748141048054
ISIC_0012103,0.8566599980923728
ISIC_0012105,0.7879744900123512
ISIC_0012107,0.6466259690852204
ISIC_0012108,0.789410536401169
ISIC_0012116,0.5718316038397848
ISIC_0012117,0.6644678363099189
ISIC_0012118,0.7677528011032312
ISIC_0012135,0.8221473859081909
ISIC_0012137,0.6545793632248708
ISIC_0012141,0.8306185299987616
ISIC_0012148,0.39577492308296536
ISIC_0012150,0.9200026629676135
ISIC_0012155,0.9331274009517889
ISIC_0012156,0.7922886030166336
ISIC_0012164,0.6066824665782118
ISIC_0012167,0.750177846504831
ISIC_0012170,0.7921075813758913
ISIC_0012172,0.6503957688638113
ISIC_0012173,0.8585806971010064
ISIC_0012175,0.557438694837278
ISIC_0012177,0.7539599622946073
ISIC_0012179,0.5010467591467803
ISIC_0012182,0.8744252791469223
ISIC_0012183,0.8526128002788776
ISIC_0012187,0.7732566825590694
ISIC_0012203,0.8322766994186945
ISIC_0012205,0.7213270183638507
ISIC_0012208,0.910111166615976
ISIC_0012209,0.822817168746029
ISIC_0012211,0.7732980487711925
ISIC_0012212,0.6970190065793263
ISIC_0012213,0.8029051615457741
ISIC_0012214,0.7077219010850948
ISIC_0012217,0.6048836574888771
ISIC_0012224,0.8258024916562496
ISIC_0012227,0.8848669222700161
ISIC_0012228,0.6622827426725908
ISIC_0012230,0.8268619553312022
ISIC_0012232,0.7212728262165864
ISIC_0012233,0.9361635546703491
ISIC_0012235,0.928269132691949
ISIC_0012237,0.7060619532373111
ISIC_0012238,0.9322063470660225
ISIC_0012245,0.8917672276996582
ISIC_0012246,0.8932434207688446
ISIC_0012250,0.90499367237842
ISIC_0012253,0.7233958819381769
ISIC_0012257,0.7529704337692871
ISIC_0012259,0.6635575466574228
ISIC_0012260,0.8088654598111388
ISIC_0012261,0.7262757048554322
ISIC_0012263,0.6724710374700618
ISIC_0012268,0.6344871528030254
ISIC_0012271,0.8969319707190238
ISIC_0012274,0.4300577329823272
ISIC_0012278,0.7573026550662478
ISIC_0012281,0.779203567943025
ISIC_0012282,0.6611885028880652
ISIC_0012284,0.727795349970062
ISIC_0012285,0.771866595815037
ISIC_0012290,0.7846694170565458
ISIC_0012291,0.7237524217893185
ISIC_0012294,0.6722698729869311
ISIC_0012298,0.788415094069056
ISIC_0012299,0.8442875054629029
ISIC_0012303,0.9100559091562574
ISIC_0012309,0.6514740696183345
ISIC_0012311,0.7303207646657262
ISIC_0012318,0.7453655357519926
ISIC_0012320,0.7282465691258332
ISIC_0012322,0.8513956338631541
ISIC_0012324,0.801189473851976
ISIC_0012325,0.5776940673094951
ISIC_0012329,0.856821909152521
ISIC_0012332,0.8401427052084874
ISIC_0012333,0.7116640643172862
ISIC_0012334,0.7670046230016936
ISIC_0012338,0.8128204139818388
ISIC_0012339,0.483960837320044
ISIC_0012342,0.7747111359062011
ISIC_0012348,0.619756424564651
ISIC_0012351,0.7132505668218208
ISIC_0012359,0.8132956218016576
ISIC_0012360,0.7725305357336489
ISIC_0012363,0.6664282405585193
ISIC_0012374,0.3893297983733437
ISIC_0012376,0.7248116792128068
ISIC_0012377,0.8258385592190576
ISIC_0012378,0.5468766811310646
ISIC_0012379,0.8482290641875008
ISIC_0012381,0.8285309064564135
ISIC_0012382,0.9192473462992722
ISIC_0012384,0.8257897169328143
ISIC_0012386,0.811528688061007
ISIC_0012390,0.7007517102757546
ISIC_0012391,0.6766755421445967
ISIC_0012397,0.7691427235378561
ISIC_0012406,0.87327318781214
ISIC_0012413,0.880206183985206
ISIC_0012415,0.7675363224000423
ISIC_0012416,0.6634104268514849
ISIC_0012433,0.7303714833719688
ISIC_0012435,0.9033080049860425
ISIC_0012442,0.9403243170585753
ISIC_0012445,0.7306492788521808
ISIC_0012450,0.5528217082344028
ISIC_0012452,0.8186937333535315
ISIC_0012453,0.752906733973078
ISIC_0012455,0.8550247545433076
ISIC_0012459,0.896304696105973
ISIC_0012460,0.8997767860476875
ISIC_0012464,0.8268213093166961
ISIC_0012469,0.735929606122658
ISIC_0012473,0.5123425451138016
ISIC_0012475,0.6871803642279137
ISIC_0012478,0.8260995983580821
ISIC_0012481,0.8792738621855836
ISIC_0012487,0.6251344276360802
ISIC_0012489,0.7932991946600458
ISIC_0012494,0.8188696312936332
ISIC_0012495,0.6990847632281021
ISIC_0012496,0.7455141219371106
ISIC_0012501,0.866312025691378
ISIC_0012503,0.7820754987450407
ISIC_0012506,0.9124166441759527
ISIC_0012508,0.6890510340045803
ISIC_0012511,0.7657680932312272
ISIC_0012512,0.44273289103383456
ISIC_0012516,0.7696166048712516
ISIC_0012517,0.8101362329528385
ISIC_0012518,0.3909263584782565
ISIC_0012520,0.7612830462369025
ISIC_0012521,0.7882161280433639
ISIC_0012523,0.6861293940455642
ISIC_0012526,0.9013501903966777
ISIC_0012527,0.4397671048148312
ISIC_0012529,0.9237597129300912
ISIC_0012539,0.8917777508334175
ISIC_0012543,0.8893656362278275
ISIC_0012544,0.8906797651419195
ISIC_0012549,0.7819886827836405
ISIC_0012550,0.5389662640211462
ISIC_0012653,0.792620346523248
ISIC_0012655,0.8590507499486337
ISIC_0012657,0.9244744963670384
ISIC_0012658,0.7714940813024158
ISIC_0012659,0.8584434654919236
ISIC_0012661,0.8398506579797476
ISIC_0012662,0.5594276055210315
ISIC_0012663,0.8285099542814383
ISIC_0012664,0.850914764108339
ISIC_0012665,0.9080766603223683
ISIC_0012666,0.8806051168671261
ISIC_0012669,0.7459070175760085
ISIC_0012670,0.7482931258598219
ISIC_0012671,0.7610584975598249
ISIC_0012672,0.6244910134177983
ISIC_0012673,0.6232161939874576
ISIC_0012674,0.6042426696155865
ISIC_0012675,0.804511163421822
ISIC_0012676,0.855501180894811
ISIC_0012677,0.8325657278506748
ISIC_0012678,0.7730228313065313
ISIC_0012679,0.808187389859603
ISIC_0012680,0.8000700630001067
ISIC_0012681,0.7505435239806266
ISIC_0012682,0.8698469091098288
ISIC_0012683,0.8370938436825813
ISIC_0012685,0.8389948020941356
ISIC_0012690,0.8206204620390836
ISIC_0012692,0.8251145470070069
ISIC_0012693,0.7508656243847519
ISIC_0012696,0.7737124579293924
ISIC_0012697,0.7666866816111115
ISIC_0012699,0.9099724796116071
ISIC_0012700,0.794505482829176
ISIC_0012701,0.7495119923896296
ISIC_0012702,0.8835433977232197
ISIC_0012704,0.8442599643958778
ISIC_0012706,0.8262170062450791
ISIC_0012709,0.3811200938346724
ISIC_0012710,0.799805822719032
ISIC_0012711,0.8048692600394662
ISIC_0012713,0.7205084719406296
ISIC_0012715,0.6811886632966141
ISIC_0012719,0.798784252941579
ISIC_0012721,0.734145451010825
ISIC_0012725,0.8798995286813126
ISIC_0012726,0.8596252301780529
ISIC_0012735,0.7711198133105581
ISIC_0012737,0.8806990150849915
ISIC_0012739,0.8877729208173151
ISIC_0012740,0.6833603980454825
ISIC_0012741,0.8780262149307227
ISIC_0012742,0.6137391849366913
ISIC_0012744,0.8634421667874583
ISIC_0012756,0.7103025995369145
ISIC_0012768,0.7761752571389078
ISIC_0012770,0.8507206533804019
ISIC_0012772,0.8167034078852552
ISIC_0012773,0.8488100009358612
ISIC_0012777,0.9071969602997778
ISIC_0012785,0.7808184970424915
ISIC_0012787,0.716883055787779
ISIC_0012788,0.6986682200151133
ISIC_0012789,0.7418472337723285
ISIC_0012790,0.7350057065458784
ISIC_0012792,0.5669124370230602
ISIC_0012793,0.5534497555695482
ISIC_0012800,0.6396523666130562
ISIC_0012804,0.7556810885687044
ISIC_0012806,0.8078683963686735
ISIC_0012810,0.6484422480011387
ISIC_0012811,0.8742427022532664
ISIC_0012813,0.801912331121753
ISIC_0012814,0.5878175805123949
ISIC_0012823,0.8462410176341686
ISIC_0012826,0.8311406567563994
ISIC_0012827,0.7734834783706253
ISIC_0012828,0.5637057333979371
ISIC_0012833,0.8671230202253092
ISIC_0012835,0.8772442172686353
ISIC_0012840,0.7354353364263442
ISIC_0012844,0.5981226631142809
ISIC_0012845,0.831430320965987
ISIC_0012851,0.7448914327201057
ISIC_0012854,0.7110091819184098
ISIC_0012855,0.7503860829675841
ISIC_0012856,0.7457238865639477
ISIC_0012865,0.6163447424625688
ISIC_0012871,0.8609409721960097
ISIC_0012873,0.7344053651633523
ISIC_0012877,0.8525000228685018
ISIC_0012878,0.8725378130582311
ISIC_0012879,0.8257828500575692
ISIC_0012880,0.8846312135668206
ISIC_0012883,0.8328122798875242
ISIC_0012884,0.652228336069663
ISIC_0012887,0.7829869255646
ISIC_0012888,0.8647295857821697
ISIC_0012889,0.7884211142899089
ISIC_0012891,0.76254893614275
ISIC_0012897,0.7591858484586641
ISIC_0012898,0.8019753551194349
ISIC_0012901,0.7848872143630883
ISIC_0012902,0.8552951008859142
ISIC_0012905,0.6980865876761331
ISIC_0012907,0.876819633337133
ISIC_0012911,0.7196188353241093
ISIC_0012930,0.6174890017056975
ISIC_0012932,0.4002566922446796
ISIC_0012939,0.8706946854908663
ISIC_0012940,0.6010539352461477
ISIC_0012944,0.8023555388136216
ISIC_0012945,0.7783876019077923
ISIC_0012949,0.8240729227854273
ISIC_0012950,0.810989094220444
ISIC_0012952,0.5197360503269167
ISIC_0012957,0.8733491409030563
ISIC_0012961,0.8001767045731618
ISIC_0012966,0.7882629609904642
ISIC_0012969,0.743060454569221
ISIC_0012970,0.7950361589171941
ISIC_0012976,0.8461702725675305
ISIC_0012981,0.5854780367163247
ISIC_0012982,0.7826571142328818
ISIC_0012986,0.8784599290747017
ISIC_0012987,0.5369363414273087
ISIC_0012988,0.7409399390657083
ISIC_0012990,0.8145218960155949
ISIC_0012998,0.8305816792073839
ISIC_0013000,0.7781850495516274
ISIC_0013001,0.8525962441578805
ISIC_0013007,0.7750671280289303
ISIC_0013012,0.7484352491040108
ISIC_0013014,0.7350524669257579
ISIC_0013015,0.7205160677818649
ISIC_0013023,0.8482237323507357
ISIC_0013024,0.8472881132512994
ISIC_0013025,0.8809032108308601
ISIC_0013026,0.7336930586269548
ISIC_0013027,0.8235015406303837
ISIC_0013031,0.6852244716027591
ISIC_0013032,0.7725153350727642
ISIC_0013033,0.5262988889598219
ISIC_0013034,0.7261253940474711
ISIC_0013037,0.8144525972920449
ISIC_0013039,0.8446101081928541
ISIC_0013040,0.6533705972692221
ISIC_0013044,0.750846781771701
ISIC_0013047,0.8046026204153519
ISIC_0013048,0.8738819689223765
ISIC_0013052,0.8609308800321158
ISIC_0013053,0.7600601387323969
ISIC_0013054,0.7723514568877861
ISIC_0013055,0.7693048348131546
ISIC_0013056,0.7826699473449011
ISIC_0013059,0.8392405324642023
ISIC_0013063,0.8131486019105689
ISIC_0013065,0.5524477814629816
ISIC_0013071,0.8862593459302173
ISIC_0013075,0.7795033955421107
ISIC_0013079,0.8562666571700364
ISIC_0013080,0.8869508354760136
ISIC_0013084,0.8896865746639435
ISIC_0013086,0.9190813049596295
ISIC_0013087,0.8389474389462541
ISIC_0013088,0.6543501381991808
ISIC_0013089,0.7689508583608675
ISIC_0013090,0.8322865706358384
ISIC_0013092,0.6040748999692374
ISIC_0013094,0.7204755686771172
ISIC_0013096,0.4991183979223946
ISIC_0013097,0.8776407282515657
ISIC_0013106,0.7172742539917549
ISIC_0013112,0.8371083790758933
ISIC_0013114,0.8795587175307504
ISIC_0013118,0.6855229842608117
ISIC_0013120,0.8180797393485325
ISIC_0013121,0.7012784434457331
ISIC_0013124,0.8480181512411041
ISIC_0013126,0.6782908924459591
ISIC_0013129,0.9189923548273637
ISIC_0013134,0.718207170397604
ISIC_0013136,0.8830839157701245
ISIC_0013140,0.8520068768489952
ISIC_0013141,0.8971132621074045
ISIC_0013146,0.5036577303053149
ISIC_0013147,0.763819496427558
ISIC_0013150,0.8865122849548952
ISIC_0013155,0.8229039491605563
ISIC_0013160,0.7377876011299984
ISIC_0013163,0.835886089409549
ISIC_0013165,0.40900897349361276
ISIC_0013166,0.8224151188566633
ISIC_0013167,0.6704227829977808
ISIC_0013172,0.535236576711617
ISIC_0013173,0.9085874379282254
ISIC_0013174,0.8896699014100169
ISIC_0013177,0.8760550367959814
ISIC_0013178,0.5395966261172288
ISIC_0013181,0.7100433256988355
ISIC_0013184,0.705373073620047
ISIC_0013187,0.8523244357629891
ISIC_0013189,0.7118464246253705
ISIC_0013190,0.9053461064329642
ISIC_0013192,0.8815162601626017
ISIC_0013193,0.8160844025057634
ISIC_0013196,0.8493521843117645
ISIC_0013197,0.8069169505335319
ISIC_0013198,0.707613596374884
ISIC_0013200,0.7683861834717145
ISIC_0013201,0.8550891510717484
ISIC_0013204,0.774427750889291
ISIC_0013205,0.8174652922559846
ISIC_0013207,0.658116937044103
ISIC_0013208,0.7044964851476075
ISIC_0013212,0.8014585888277865
ISIC_0013213,0.8326399387905752
ISIC_0013217,0.7965451323697011
ISIC_0013219,0.7815690190996325
ISIC_0013220,0.7166929291473183
ISIC_0013222,0.8607888057527858
ISIC_0013223,0.8484318430046434
ISIC_0013224,0.7697053145510846
ISIC_0013227,0.8246156265757163
ISIC_0013229,0.7567624159294756
ISIC_0013233,0.7057970031377421
ISIC_0013235,0.8116031637008396
ISIC_0013236,0.8188560633393929
ISIC_0013238,0.7283841725342279
ISIC_0013243,0.9106209745435245
ISIC_0013244,0.5802991665932059
ISIC_0013248,0.8745381945136272
ISIC_0013249,0.8026720229169488
ISIC_0013257,0.8897970604072741
ISIC_0013258,0.8084221321650936
ISIC_0013268,0.8423036659398055
ISIC_0013274,0.8524356504163874
ISIC_0013275,0.9480425612859544
ISIC_0013287,0.8341853082625194
ISIC_0013288,0.7328624676413575
ISIC_0013294,0.72217496815277
ISIC_0013302,0.67986500623734
ISIC_0013304,0.9165258347483065
ISIC_0013306,0.8766730603633998
ISIC_0013311,0.9223982068803865
ISIC_0013314,0.8233611430082869
ISIC_0013315,0.8713071752433086
ISIC_0013316,0.840418122816549
ISIC_0013320,0.8839220776952207
ISIC_0013326,0.8829790617772126
ISIC_0013329,0.9091087955454571
ISIC_0013330,0.7847650011991701
ISIC_0013333,0.7630805393609819
ISIC_0013334,0.865608370933649
ISIC_0013335,0.8338760362962286
ISIC_0013340,0.5808413893464115
ISIC_0013341,0.8489812983042434
ISIC_0013342,0.8558596066750968
ISIC_0013346,0.7414703615820524
ISIC_0013355,0.8388537225255992
ISIC_0013356,0.8092793662427091
ISIC_0013359,0.8166141361585415
ISIC_0013360,0.8697124034261463
ISIC_0013364,0.782168881462497
ISIC_0013365,0.9448463192033059
ISIC_0013369,0.7812379473893964
ISIC_0013370,0.8299667354942897
ISIC_0013371,0.47207817988413703
ISIC_0013378,0.587092883062218
ISIC_0013383,0.9186506201426945
ISIC_0013385,0.7176693624569117
ISIC_0013390,0.8840441396784086
ISIC_0013394,0.8458980417412725
ISIC_0013395,0.8858134600875204
ISIC_0013397,0.8904784524585364
ISIC_0013398,0.6787711130317959
ISIC_0013400,0.7579992722630933
ISIC_0013403,0.8088740143803191
ISIC_0013405,0.8884424552731548
ISIC_0013409,0.8370636488913168
ISIC_0013410,0.762271832838247
ISIC_0013417,0.9309212381170177
ISIC_0013423,0.8790133509274074
ISIC_0013424,0.9707908684498905
ISIC_0013425,0.687030605989676
ISIC_0013427,0.8189568364389073
ISIC_0013428,0.6885312555121121
ISIC_0013429,0.883857996942332
ISIC_0013430,0.81627039472124
ISIC_0013432,0.7382077888641538
ISIC_0013433,0.8985212078295954
ISIC_0013434,0.6062381078788265
ISIC_0013437,0.7961759722087807
ISIC_0013438,0.8260286219043298
ISIC_0013443,0.9293387516820517
ISIC_0013456,0.6500798569381507
ISIC_0013458,0.8875398892624116
ISIC_0013461,0.7338632337218811
ISIC_0013474,0.6974716310419196
ISIC_0013480,0.8097929135156984
ISIC_0013486,0.7699047405474839
ISIC_0013487,0.3414662004781679
ISIC_0013488,0.8626907250764081
ISIC_0013489,0.637565233764688
ISIC_0013490,0.5050893880074686
ISIC_0013492,0.7960808918054602
ISIC_0013493,0.4762346791386713
ISIC_0013494,0.7995370283043254
ISIC_0013495,0.4521481412045278
ISIC_0013497,0.8011735217460092
ISIC_0013498,0.7913656937943072
ISIC_0013499,0.6902077525585569
ISIC_0013500,0.667424216852599
ISIC_0013516,0.8917352440201001
ISIC_0013517,0.7768485053950818
ISIC_0013523,0.7580685960744146
ISIC_0013525,0.41532219079536314
ISIC_0013526,0.8490155510073325
ISIC_0013530,0.8892594212232735
ISIC_0013552,0.8273640259358475
ISIC_0013553,0.7694649091802399
ISIC_0013554,0.8337148639326004
ISIC_0013558,0.749594102603762
ISIC_0013559,0.8626818232649195
ISIC_0013567,0.9039711812110918
ISIC_0013568,0.5866653853541817
ISIC_0013572,0.7694113713001423
ISIC_0013573,0.6081157360891298
ISIC_0013578,0.4640613316524841
ISIC_0013579,0.6240531208617348
ISIC_0013580,0.8396631210360779
ISIC_0013581,0.48438350142557374
ISIC_0013585,0.6608744072840791
ISIC_0013592,0.8088062102387348
ISIC_0013594,0.7833851924229511
ISIC_0013595,0.5736300242617287
ISIC_0013596,0.7770780847967992
ISIC_0013597,0.7948985855395219
ISIC_0013599,0.6833792593506312
ISIC_0013601,0.5029973167855498
ISIC_0013603,0.8495531405923054
ISIC_0013606,0.6525408057525555
ISIC_0013610,0.7491884369465422
ISIC_0013618,0.4222197938671096
ISIC_0013621,0.8480888193166369
ISIC_0013625,0.8264287827664097
ISIC_0013626,0.650085800353364
ISIC_0013634,0.9250270968755148
ISIC_0013635,0.8211358463469547
ISIC_0013639,0.7263641941387744
ISIC_0013643,0.8047539791120379
ISIC_0013652,0.6819061050244859
ISIC_0013656,0.9350286319550787
ISIC_0013664,0.3219761857218787
ISIC_0013667,0.7054972389997638
ISIC_0013670,0.7632581787051231
ISIC_0013671,0.8166288396574009
ISIC_0013672,0.6905539630302184
ISIC_0013674,0.4851094306018996
ISIC_0013675,0.7784829687810555
ISIC_0013676,0.8302238888672785
ISIC_0013680,0.7803903132966103
ISIC_0013682,0.5929005853420223
ISIC_0013684,0.8197211849196534
ISIC_0013687,0.7488636920802221
ISIC_0013688,0.579784993668472
ISIC_0013689,0.7718074232535872
ISIC_0013690,0.8355499274976308
ISIC_0013691,0.767302965697441
ISIC_0013695,0.5328442826739018
ISIC_0013706,0.7811954315895512
ISIC_0013709,0.6936260322000093
ISIC_0013712,0.9247881777985407
ISIC_0013713,0.8738925154979411
ISIC_0013719,0.7037381673472272
ISIC_0013721,0.8617334755935024
ISIC_0013725,0.8261280800093296
ISIC_0013731,0.7062579471004101
ISIC_0013737,0.8979475384898283
ISIC_0013740,0.8529196041938656
ISIC_0013742,0.9070656420633569
ISIC_0013747,0.8987130155864993
ISIC_0013748,0.8249684455307531
ISIC_0013749,0.8166794798597727
ISIC_0013758,0.53428953278205
ISIC_0013762,0.37478049448303785
ISIC_0013765,0.7938051293853992
ISIC_0013772,0.8219817528593157
ISIC_0013775,0.9009688576589907
ISIC_0013777,0.8062870678377281
ISIC_0013778,0.4578111008329786
ISIC_0013782,0.6939853982242754
ISIC_0013783,0.8141876685404259
ISIC_0013789,0.7300294389229542
ISIC_0013792,0.9352484076305251
ISIC_0013795,0.6879456585059043
ISIC_0013796,0.7638778308876655
ISIC_0013797,0.8370120799099662
ISIC_0013798,0.7879584044553605
ISIC_0013799,0.769047769850095
ISIC_0013800,0.8969244290528675
ISIC_0013801,0.47840715270757395
ISIC_0013802,0.7464132149581537
ISIC_0013803,0.6812801631148299
ISIC_0013804,0.800980723408522
ISIC_0013805,0.8794132239853489
ISIC_0013806,0.8728919723799369
ISIC_0013807,0.9311652184498381
ISIC_0013808,0.656559429852277
ISIC_0013815,0.8334898958277848
ISIC_0013816,0.6974874779959126
ISIC_0013817,0.8574466543406583
ISIC_0013819,0.7906488733583081
ISIC_0013830,0.832000674635698
ISIC_0013831,0.7224195307015788
ISIC_0013832,0.7257686703215073
ISIC_0013835,0.7424586637471028
ISIC_0013836,0.9164267198523326
ISIC_0013837,0.9034619694070474
ISIC_0013839,0.8104737536673066
ISIC_0013840,0.8478063016273705
ISIC_0013841,0.8363370107160124
ISIC_0013843,0.9156820532088892
ISIC_0013844,0.7451790910524189
ISIC_0013845,0.6894230580055296
ISIC_0013861,0.6622112224943215
ISIC_0013862,0.7398325462895511
ISIC_0013864,0.853984695455945
ISIC_0013865,0.7949148446545193
ISIC_0013874,0.7307280072703699
ISIC_0013876,0.8833657653855805
ISIC_0013879,0.9255240139085845
ISIC_0013886,0.7192591345126199
ISIC_0013888,0.7171659074657828
ISIC_0013890,0.7730119910574161
ISIC_0013896,0.5573693921137413
ISIC_0013910,0.7380614707910218
ISIC_0013918,0.8508284880043031
ISIC_0013921,0.536662087829974
ISIC_0013922,0.6389151943649827
ISIC_0013927,0.8361898303817309
ISIC_0013929,0.5830433631120189
ISIC_0013933,0.7575956703861602
ISIC_0013935,0.8076431677175658
ISIC_0013936,0.8211122804562561
ISIC_0013942,0.788345448692616
ISIC_0013946,0.6789290302506782
ISIC_0013958,0.5602197534743394
ISIC_0013961,0.771170262899023
ISIC_0013962,0.8781596324716276
ISIC_0013965,0.9205215812451122
ISIC_0013967,0.867608687538269
ISIC_0013969,0.5245894167230956
ISIC_0013970,0.7879507752358077
ISIC_0013971,0.838821869560419
ISIC_0013972,0.6061291096032507
ISIC_0013975,0.6862023520202416
ISIC_0013980,0.7451138451749753
ISIC_0013981,0.811278420390404
ISIC_0013982,0.8162397342172705
ISIC_0013983,0.7345065375420485
ISIC_0013984,0.8654012655232936
ISIC_0013986,0.6764049254169611
ISIC_0013995,0.7498645112736155
ISIC_0013996,0.7143002109695749
ISIC_0013997,0.7692047972753024
ISIC_0014001,0.8194302969542042
ISIC_0014004,0.6580513117409093
ISIC_0014013,0.830956922266059
ISIC_0014026,0.7715589581317575
ISIC_0014028,0.6162300128256692
ISIC_0014029,0.5741072087799601
ISIC_0014031,0.5845215898634601
ISIC_0014032,0.8212423370827744
ISIC_0014044,0.935183253528076
ISIC_0014045,0.8433952396853333
ISIC_0014046,0.783414476062336
ISIC_0014049,0.5404627835819432
ISIC_0014061,0.6677897128465515
ISIC_0014062,0.6708965204222604
ISIC_0014066,0.8096417562460647
ISIC_0014069,0.8749177759922675
ISIC_0014072,0.8216740018575563
ISIC_0014073,0.5133571606379959
ISIC_0014074,0.8022737012687984
ISIC_0014076,0.8270623371520213
ISIC_0014079,0.7115226998267046
ISIC_0014080,0.7145355574604682
ISIC_0014081,0.56806384390048
ISIC_0014082,0.49208252234656796
ISIC_0014083,0.861736906986244
ISIC_0014088,0.5540933037648437
ISIC_0014089,0.662532641419566
ISIC_0014092,0.7197032448590053
ISIC_0014093,0.8300513462074954
ISIC_0014094,0.7989666093652849
ISIC_0014099,0.7025462155448234
ISIC_0014108,0.71722589926332
ISIC_0014114,0.8012646692613705
ISIC_0014120,0.49403378792718455
ISIC_0014127,0.5994762144867586
ISIC_0014131,0.6388961484194129
ISIC_0014132,0.8824402932165988
ISIC_0014133,0.8644100625264222
ISIC_0014136,0.8285471922840861
ISIC_0014144,0.7527707774816033
ISIC_0014149,0.679219056765674
ISIC_0014150,0.8819450086932661
ISIC_0014151,0.7187119855401685
ISIC_0014156,0.7351451515357212
ISIC_0014157,0.6370244938428108
ISIC_0014158,0.8866687180202684
ISIC_0014163,0.5538459703865257
ISIC_0014164,0.7385680291580489
ISIC_0014166,0.6688461610001464
ISIC_0014169,0.897371675785296
ISIC_0014171,0.47182857969576886
ISIC_0014173,0.7636607998207561
ISIC_0014174,0.9251558277575476
ISIC_0014179,0.7808888048337018
ISIC_0014183,0.668149037823218
ISIC_0014185,0.8255215087712567
ISIC_0014187,0.8669241401884917
ISIC_0014190,0.3627301207852165
ISIC_0014191,0.6954280664158334
ISIC_0014195,0.783297306937627
ISIC_0014197,0.7458138100869921
ISIC_0014216,0.8381833422871546
ISIC_0014222,0.6393687984166311
ISIC_0014225,0.6998872721816245
ISIC_0014229,0.9147266349977683
ISIC_0014238,0.8396544150433733
ISIC_0014248,0.5928844888021017
ISIC_0014249,0.5203507952295683
ISIC_0014253,0.7857356821735126
ISIC_0014263,0.869021232642663
ISIC_0014264,0.828379208833294
ISIC_0014272,0.8164258728456245
ISIC_0014273,0.7736015675953298
ISIC_0014274,0.9131497846377348
ISIC_0014286,0.8698444208323759
ISIC_0014289,0.6433809501964851
ISIC_0014290,0.83877795749662
ISIC_0014291,0.7033852093776385
ISIC_0014299,0.8450845018705877
ISIC_0014308,0.7967412406287354
ISIC_0014311,0.7048176358697822
ISIC_0014316,0.7244981007619636
ISIC_0014317,0.7962458533009393
ISIC_0014324,0.554968934795453
ISIC_0014325,0.7509976711580435
ISIC_0014327,0.6476745181155719
ISIC_0014328,0.4673614554103769
ISIC_0014331,0.7774988323867499
ISIC_0014337,0.49361479023907284
ISIC_0014341,0.8741289120453919
ISIC_0014346,0.7793862164605279
ISIC_0014347,0.5429004194978884
ISIC_0014353,0.7166573298600125
ISIC_0014357,0.7547008301978202
ISIC_0014360,0.6205196657785927
ISIC_0014361,0.822537365093583
ISIC_0014366,0.739436864941823
ISIC_0014372,0.6081106180545569
ISIC_0014393,0.8904977052494366
ISIC_0014394,0.5939363399656987
ISIC_0014395,0.6545594197142897
ISIC_0014397,0.8277085111471001
ISIC_0014410,0.8206120577497275
ISIC_0014422,0.7185823502514863
ISIC_0014430,0.6716271294225833
ISIC_0014431,0.8670651041772841
ISIC_0014432,0.6678212949515401
ISIC_0014433,0.6233977051648201
ISIC_0014438,0.8224579580539383
ISIC_0014440,0.7538534426760946
ISIC_0014441,0.7868223389441709
ISIC_0014453,0.849909528968164
ISIC_0014458,0.8329128465146631
ISIC_0014469,0.9548990933516692
ISIC_0014473,0.7339052899592453
ISIC_0014475,0.5480448388617849
ISIC_0014476,0.5151907025553399
ISIC_0014480,0.7816192353627073
ISIC_0014486,0.7971655071494186
ISIC_0014490,0.723600736689924
ISIC_0014498,0.8262591547878722
ISIC_0014501,0.6814584403602247
ISIC_0014502,0.7369588047097935
ISIC_0014504,0.8517904540152121
ISIC_0014507,0.6730540468369961
ISIC_0014511,0.6187685627775857
ISIC_0014515,0.8422243261436084
ISIC_0014516,0.9027500442153458
ISIC_0014518,0.9013845779497038
ISIC_0014522,0.7557012633300064
ISIC_0014525,0.5428736476856247
ISIC_0014526,0.8273776154026089
ISIC_0014527,0.7909376131584581
ISIC_0014529,0.9043638147298202
ISIC_0014535,0.8694598201227988
ISIC_0014537,0.8241768087197088
ISIC_0014543,0.672989180503505
ISIC_0014545,0.9399159443265868
ISIC_0014547,0.8177368222850059
ISIC_0014554,0.8052451783939429
ISIC_0014557,0.6202853003806239
ISIC_0014569,0.7812757301446982
ISIC_0014570,0.6024507008740009
ISIC_0014571,0.9217831294654217
ISIC_0014573,0.5094859298617526
ISIC_0014576,0.8200984422568851
ISIC_0014577,0.774978716280124
ISIC_0014578,0.10885635076988734
ISIC_0014579,0.4967367777431979
ISIC_0014580,0.7748167703374615
ISIC_0014582,0.6424460435750026
ISIC_0014583,0.7941477270412629
ISIC_0014585,0.8283900264501891
ISIC_0014589,0.7658398932351982
ISIC_0014591,0.8536548908966468
ISIC_0014592,0.6418868800350788
ISIC_0014593,0.5911145410545257
ISIC_0014594,0.9251080191016388
ISIC_0014595,0.8321257725405369
ISIC_0014596,0.7788409646738281
ISIC_0014598,0.2771574489062716
ISIC_0014599,0.7610434066605665
ISIC_0014602,0.652304871979072
ISIC_0014603,0.37580530592933414
ISIC_0014605,0.6265726261598135
ISIC_0014606,0.8470989181321722
ISIC_0014607,0.5990581689709444
ISIC_0014609,0.7431464017433242
ISIC_0014612,0.6190268639933445
ISIC_0014613,0.7871353927451104
ISIC_0014615,0.7112359845587573
ISIC_0014617,0.9327051645718352
ISIC_0014621,0.7368734236941497
ISIC_0014622,0.7985345488040847
ISIC_0014625,0.5009681530284817
ISIC_0014628,0.2860809187005002
ISIC_0014630,0.6651838145462472
ISIC_0014632,0.8140485624766858
ISIC_0014636,0.7304748035017975
ISIC_0014638,0.6428005387468693
ISIC_0014639,0.7380233019618921
ISIC_0014640,0.7557107095096086
ISIC_0014641,0.8280616421029131
ISIC_0014642,0.6303933242290182
